source,instrument,reporter,outcome,outcome_label,outcome_short_label,event_key,event_label,covariate_set,cluster_unit,relationship_short_label,hsdi,hsdi_label,model_variant,beta_std,se_cluster,ci95_low,ci95_high,t_value,p_value,n_observations,n_subjects,n_families,n_events,n_sites,formula,covariates,omitted_redundant_covariates,cluster_column,predictor_standardization,outcome_standardization,includes_race_ethnicity,includes_grouped_family_income,includes_ood_covariates,trim_fraction_each_tail_metric,trim_threshold_abs_hsdi_z,n_removed_tail_subjects,condition_number,design_rank,n_design_columns,relationship_order,variant_order
cognition,Cognition,Participant performance,pea_wiscv_tss,Matrix reasoning,WISC TSS BL,baselineYear1Arm1,baselineYear1Arm1,"age, sex, site, scanner manufacturer, race/ethnicity",participant,WISC BL,HSdevZ_SA_high_expansion,SA high-expansion,PRIMARY,0.12941762482562194,0.032711895963997,0.06530348687016667,0.1935317627810772,3.956286268703597,7.612393269552065e-05,838,838,838,1,19,outcome_z ~ hsdi_z + age_cov + C(sex) + C(site) + C(race_ethnicity),"age_cov, C(sex), C(site), C(race_ethnicity)",scanner_manufacturer nested within site,family_cluster,once across the 853-subject HSDI cohort,within outcome-event,True,False,False,,,0,31.383810820544156,26,26,0,0
cognition,Cognition,Participant performance,pea_wiscv_tss,Matrix reasoning,WISC TSS BL,baselineYear1Arm1,baselineYear1Arm1,"age, sex, site, scanner manufacturer, race/ethnicity",participant,WISC BL,HSdevZ_SA_high_expansion,SA high-expansion,PRIMARY_OOD,0.12284489930493142,0.03573995422759314,0.052795876209738815,0.19289392240012404,3.4371868112267654,0.0005877900482989941,838,838,838,1,19,outcome_z ~ hsdi_z + age_cov + C(sex) + C(site) + C(race_ethnicity) + z_OOD_max_abs_z_max + z_OOD_frac_q_max,"age_cov, C(sex), C(site), C(race_ethnicity), z_OOD_max_abs_z_max, z_OOD_frac_q_max",scanner_manufacturer nested within site,family_cluster,once across the 853-subject HSDI cohort,within outcome-event,True,False,True,,,0,33.811365117451025,28,28,0,1
cognition,Cognition,Participant performance,pea_wiscv_tss,Matrix reasoning,WISC TSS BL,baselineYear1Arm1,baselineYear1Arm1,"age, sex, site, scanner manufacturer, race/ethnicity",participant,WISC BL,HSdevZ_SA_high_expansion,SA high-expansion,PRIMARY_OOD_TRIM1P,0.12492325812142192,0.04787457007435822,0.031090825000340758,0.2187556912425031,2.6093865266548106,0.009070472317633287,829,829,829,1,19,outcome_z ~ hsdi_z + age_cov + C(sex) + C(site) + C(race_ethnicity) + z_OOD_max_abs_z_max + z_OOD_frac_q_max,"age_cov, C(sex), C(site), C(race_ethnicity), z_OOD_max_abs_z_max, z_OOD_frac_q_max",scanner_manufacturer nested within site,family_cluster,once across the 853-subject HSDI cohort,within outcome-event,True,False,True,0.01,2.737088140512945,9,34.35917425606975,28,28,0,2
cognition,Cognition,Participant performance,pea_wiscv_tss,Matrix reasoning,WISC TSS BL,baselineYear1Arm1,baselineYear1Arm1,"age, sex, site, scanner manufacturer, race/ethnicity",participant,WISC BL,HSdevZ_SA_high_expansion,SA high-expansion,PRIMARY_OOD_TRIM5P,0.21428049071346683,0.05720218732332156,0.10216626372284295,0.32639471770409073,3.746019177593648,0.00017966286251321604,796,796,796,1,19,outcome_z ~ hsdi_z + age_cov + C(sex) + C(site) + C(race_ethnicity) + z_OOD_max_abs_z_max + z_OOD_frac_q_max,"age_cov, C(sex), C(site), C(race_ethnicity), z_OOD_max_abs_z_max, z_OOD_frac_q_max",scanner_manufacturer nested within site,family_cluster,once across the 853-subject HSDI cohort,within outcome-event,True,False,True,0.05,1.7568800364762667,42,34.05874742819012,28,28,0,3
cognition,Cognition,Participant performance,nihtbx_cryst_fc,Crystallized cognition,NIH Cryst 2Y,2YearFollowUpYArm1,2YearFollowUpYArm1,"age, sex, site, scanner manufacturer, race/ethnicity",participant,NIH Cryst 2Y,HSdevZ_SA_high_expansion,SA high-expansion,PRIMARY,0.10033975696897351,0.03128442380622707,0.039023413031680984,0.16165610090626603,3.2073391407324303,0.0013396895939000685,823,823,823,1,19,outcome_z ~ hsdi_z + age_cov + C(sex) + C(site) + C(race_ethnicity),"age_cov, C(sex), C(site), C(race_ethnicity)",scanner_manufacturer nested within site,family_cluster,once across the 853-subject HSDI cohort,within outcome-event,True,False,False,,,0,30.769114065871698,26,26,1,0
cognition,Cognition,Participant performance,nihtbx_cryst_fc,Crystallized cognition,NIH Cryst 2Y,2YearFollowUpYArm1,2YearFollowUpYArm1,"age, sex, site, scanner manufacturer, race/ethnicity",participant,NIH Cryst 2Y,HSdevZ_SA_high_expansion,SA high-expansion,PRIMARY_OOD,0.10488229702346435,0.03252999251674664,0.041124683273283474,0.16863991077364524,3.224172184161134,0.0012633741146613564,823,823,823,1,19,outcome_z ~ hsdi_z + age_cov + C(sex) + C(site) + C(race_ethnicity) + z_OOD_max_abs_z_max + z_OOD_frac_q_max,"age_cov, C(sex), C(site), C(race_ethnicity), z_OOD_max_abs_z_max, z_OOD_frac_q_max",scanner_manufacturer nested within site,family_cluster,once across the 853-subject HSDI cohort,within outcome-event,True,False,True,,,0,34.17335669014767,28,28,1,1
cognition,Cognition,Participant performance,nihtbx_cryst_fc,Crystallized cognition,NIH Cryst 2Y,2YearFollowUpYArm1,2YearFollowUpYArm1,"age, sex, site, scanner manufacturer, race/ethnicity",participant,NIH Cryst 2Y,HSdevZ_SA_high_expansion,SA high-expansion,PRIMARY_OOD_TRIM1P,0.10265522992084203,0.04665559415192252,0.01121194570575633,0.1940985141359277,2.2002769825751316,0.02778724932536849,814,814,814,1,19,outcome_z ~ hsdi_z + age_cov + C(sex) + C(site) + C(race_ethnicity) + z_OOD_max_abs_z_max + z_OOD_frac_q_max,"age_cov, C(sex), C(site), C(race_ethnicity), z_OOD_max_abs_z_max, z_OOD_frac_q_max",scanner_manufacturer nested within site,family_cluster,once across the 853-subject HSDI cohort,within outcome-event,True,False,True,0.01,2.809470091367282,9,34.21966141773722,28,28,1,2
cognition,Cognition,Participant performance,nihtbx_cryst_fc,Crystallized cognition,NIH Cryst 2Y,2YearFollowUpYArm1,2YearFollowUpYArm1,"age, sex, site, scanner manufacturer, race/ethnicity",participant,NIH Cryst 2Y,HSdevZ_SA_high_expansion,SA high-expansion,PRIMARY_OOD_TRIM5P,0.1323369239403275,0.05530478986128006,0.02394152763966266,0.24073232024099234,2.392865505361573,0.016717367867965807,781,781,781,1,19,outcome_z ~ hsdi_z + age_cov + C(sex) + C(site) + C(race_ethnicity) + z_OOD_max_abs_z_max + z_OOD_frac_q_max,"age_cov, C(sex), C(site), C(race_ethnicity), z_OOD_max_abs_z_max, z_OOD_frac_q_max",scanner_manufacturer nested within site,family_cluster,once across the 853-subject HSDI cohort,within outcome-event,True,False,True,0.05,1.777951926678814,42,33.697583899125156,28,28,1,3
cbcl,CBCL,Parent,cbcl_scr_syn_totprob_r,CBCL total problems,CBCL Total,POOLED_ANNUAL,Pooled annual visits,"within-event age, event, sex, site, scanner manufacturer, race/ethnicity, grouped family income",baseline family ID; participant fallback,CBCL Total,HSdevZ_SA_high_expansion,SA high-expansion,PRIMARY,-0.07979110810611517,0.027555039784572348,-0.1337979936764453,-0.025784222535785037,-2.8956992524753677,0.003783147742880137,3972,797,719,5,19,outcome_z ~ hsdi_z + age_cov + C(event_key) + C(sex) + C(site) + C(scanner_manufacturer) + C(race_ethnicity) + C(family_income_grouped),"age_cov, C(event_key), C(sex), C(site), C(scanner_manufacturer), C(race_ethnicity), C(family_income_grouped)",,family_cluster,once across the 853-subject HSDI cohort,within annual visit,True,True,False,,,0,232.57320842455215,35,35,2,0
cbcl,CBCL,Parent,cbcl_scr_syn_totprob_r,CBCL total problems,CBCL Total,POOLED_ANNUAL,Pooled annual visits,"within-event age, event, sex, site, scanner manufacturer, race/ethnicity, grouped family income",baseline family ID; participant fallback,CBCL Total,HSdevZ_SA_high_expansion,SA high-expansion,PRIMARY_OOD,-0.09016627159924505,0.02897432101513578,-0.1469548972654132,-0.033377645933076905,-3.1119373445246032,0.0018586394204761932,3972,797,719,5,19,outcome_z ~ hsdi_z + age_cov + C(event_key) + C(sex) + C(site) + C(scanner_manufacturer) + C(race_ethnicity) + C(family_income_grouped) + z_OOD_max_abs_z_max + z_OOD_frac_q_max,"age_cov, C(event_key), C(sex), C(site), C(scanner_manufacturer), C(race_ethnicity), C(family_income_grouped), z_OOD_max_abs_z_max, z_OOD_frac_q_max",,family_cluster,once across the 853-subject HSDI cohort,within annual visit,True,True,True,,,0,232.74229703534016,37,37,2,1
cbcl,CBCL,Parent,cbcl_scr_syn_totprob_r,CBCL total problems,CBCL Total,POOLED_ANNUAL,Pooled annual visits,"within-event age, event, sex, site, scanner manufacturer, race/ethnicity, grouped family income",baseline family ID; participant fallback,CBCL Total,HSdevZ_SA_high_expansion,SA high-expansion,PRIMARY_OOD_TRIM1P,-0.12310117529460762,0.039550277241152385,-0.20061829426584046,-0.04558405632337478,-3.112523701010112,0.0018549511881457816,3932,789,715,5,19,outcome_z ~ hsdi_z + age_cov + C(event_key) + C(sex) + C(site) + C(scanner_manufacturer) + C(race_ethnicity) + C(family_income_grouped) + z_OOD_max_abs_z_max + z_OOD_frac_q_max,"age_cov, C(event_key), C(sex), C(site), C(scanner_manufacturer), C(race_ethnicity), C(family_income_grouped), z_OOD_max_abs_z_max, z_OOD_frac_q_max",,family_cluster,once across the 853-subject HSDI cohort,within annual visit,True,True,True,0.01,2.6809944885223533,8,232.0855152477107,37,37,2,2
cbcl,CBCL,Parent,cbcl_scr_syn_totprob_r,CBCL total problems,CBCL Total,POOLED_ANNUAL,Pooled annual visits,"within-event age, event, sex, site, scanner manufacturer, race/ethnicity, grouped family income",baseline family ID; participant fallback,CBCL Total,HSdevZ_SA_high_expansion,SA high-expansion,PRIMARY_OOD_TRIM5P,-0.1617369216786555,0.051093283966205154,-0.2618779181042954,-0.06159592525301559,-3.1655221415330015,0.0015480487947354582,3772,757,687,5,19,outcome_z ~ hsdi_z + age_cov + C(event_key) + C(sex) + C(site) + C(race_ethnicity) + C(family_income_grouped) + z_OOD_max_abs_z_max + z_OOD_frac_q_max,"age_cov, C(event_key), C(sex), C(site), C(race_ethnicity), C(family_income_grouped), z_OOD_max_abs_z_max, z_OOD_frac_q_max",scanner_manufacturer collinear with site,family_cluster,once across the 853-subject HSDI cohort,within annual visit,True,True,True,0.05,1.7771062418528079,40,61.14644741535665,35,35,2,3
cbcl,CBCL,Parent,cbcl_scr_syn_attention_r,CBCL attention problems,CBCL Attention,POOLED_ANNUAL,Pooled annual visits,"within-event age, event, sex, site, scanner manufacturer, race/ethnicity, grouped family income",baseline family ID; participant fallback,CBCL Attention,HSdevZ_SA_high_expansion,SA high-expansion,PRIMARY,-0.07658959983452504,0.027505271012829416,-0.13049894040468424,-0.02268025926436585,-2.784542635438894,0.0053603273387482385,3972,797,719,5,19,outcome_z ~ hsdi_z + age_cov + C(event_key) + C(sex) + C(site) + C(scanner_manufacturer) + C(race_ethnicity) + C(family_income_grouped),"age_cov, C(event_key), C(sex), C(site), C(scanner_manufacturer), C(race_ethnicity), C(family_income_grouped)",,family_cluster,once across the 853-subject HSDI cohort,within annual visit,True,True,False,,,0,232.57320842455215,35,35,3,0
cbcl,CBCL,Parent,cbcl_scr_syn_attention_r,CBCL attention problems,CBCL Attention,POOLED_ANNUAL,Pooled annual visits,"within-event age, event, sex, site, scanner manufacturer, race/ethnicity, grouped family income",baseline family ID; participant fallback,CBCL Attention,HSdevZ_SA_high_expansion,SA high-expansion,PRIMARY_OOD,-0.08251627909400422,0.028767306338522813,-0.13889916344973974,-0.026133394738268693,-2.868404782949914,0.00412547353239301,3972,797,719,5,19,outcome_z ~ hsdi_z + age_cov + C(event_key) + C(sex) + C(site) + C(scanner_manufacturer) + C(race_ethnicity) + C(family_income_grouped) + z_OOD_max_abs_z_max + z_OOD_frac_q_max,"age_cov, C(event_key), C(sex), C(site), C(scanner_manufacturer), C(race_ethnicity), C(family_income_grouped), z_OOD_max_abs_z_max, z_OOD_frac_q_max",,family_cluster,once across the 853-subject HSDI cohort,within annual visit,True,True,True,,,0,232.74229703534016,37,37,3,1
cbcl,CBCL,Parent,cbcl_scr_syn_attention_r,CBCL attention problems,CBCL Attention,POOLED_ANNUAL,Pooled annual visits,"within-event age, event, sex, site, scanner manufacturer, race/ethnicity, grouped family income",baseline family ID; participant fallback,CBCL Attention,HSdevZ_SA_high_expansion,SA high-expansion,PRIMARY_OOD_TRIM1P,-0.10108716768930237,0.04186959293658667,-0.18315006189236488,-0.019024273486239848,-2.4143336631527155,0.015764018927416426,3932,789,715,5,19,outcome_z ~ hsdi_z + age_cov + C(event_key) + C(sex) + C(site) + C(scanner_manufacturer) + C(race_ethnicity) + C(family_income_grouped) + z_OOD_max_abs_z_max + z_OOD_frac_q_max,"age_cov, C(event_key), C(sex), C(site), C(scanner_manufacturer), C(race_ethnicity), C(family_income_grouped), z_OOD_max_abs_z_max, z_OOD_frac_q_max",,family_cluster,once across the 853-subject HSDI cohort,within annual visit,True,True,True,0.01,2.6809944885223533,8,232.0855152477107,37,37,3,2
cbcl,CBCL,Parent,cbcl_scr_syn_attention_r,CBCL attention problems,CBCL Attention,POOLED_ANNUAL,Pooled annual visits,"within-event age, event, sex, site, scanner manufacturer, race/ethnicity, grouped family income",baseline family ID; participant fallback,CBCL Attention,HSdevZ_SA_high_expansion,SA high-expansion,PRIMARY_OOD_TRIM5P,-0.11053085748982734,0.050261530512575904,-0.20904164710233714,-0.012020067877317561,-2.199114439266259,0.02786978607505572,3772,757,687,5,19,outcome_z ~ hsdi_z + age_cov + C(event_key) + C(sex) + C(site) + C(race_ethnicity) + C(family_income_grouped) + z_OOD_max_abs_z_max + z_OOD_frac_q_max,"age_cov, C(event_key), C(sex), C(site), C(race_ethnicity), C(family_income_grouped), z_OOD_max_abs_z_max, z_OOD_frac_q_max",scanner_manufacturer collinear with site,family_cluster,once across the 853-subject HSDI cohort,within annual visit,True,True,True,0.05,1.7771062418528079,40,61.14644741535665,35,35,3,3
