source,instrument,reporter,outcome,outcome_label,outcome_short_label,event_key,event_label,covariate_set,cluster_unit,relationship_short_label,relationship_order,site_order,omitted_site,omitted_subjects,retained_observations,retained_subjects,retained_families,beta_std,se_cluster,ci95_low,ci95_high,p_value,full_beta_std,full_se_cluster,full_ci95_low,full_ci95_high,delta_from_full,same_direction_as_full,sign_reversal,includes_race_ethnicity,includes_grouped_family_income
cognition,Cognition,Participant performance,pea_wiscv_tss,Matrix reasoning,WISC TSS BL,baselineYear1Arm1,baselineYear1Arm1,"age, sex, site, scanner manufacturer, race/ethnicity",participant,WISC BL,0,0,site01,29,809,809,809,0.12442317770769462,0.03357548214728868,0.05861644193544126,0.190229913479948,0.00021074544214599164,0.12941762482562194,0.032711895963997,0.06530348687016667,0.1935317627810772,-0.00499444711792732,True,False,True,False
cognition,Cognition,Participant performance,pea_wiscv_tss,Matrix reasoning,WISC TSS BL,baselineYear1Arm1,baselineYear1Arm1,"age, sex, site, scanner manufacturer, race/ethnicity",participant,WISC BL,0,1,site02,82,756,756,756,0.13149944736627056,0.03455339139255693,0.06377604469314267,0.19922285003939844,0.00014141021569068319,0.12941762482562194,0.032711895963997,0.06530348687016667,0.1935317627810772,0.00208182254064862,True,False,True,False
cognition,Cognition,Participant performance,pea_wiscv_tss,Matrix reasoning,WISC TSS BL,baselineYear1Arm1,baselineYear1Arm1,"age, sex, site, scanner manufacturer, race/ethnicity",participant,WISC BL,0,2,site04,128,710,710,710,0.13085622943559494,0.037376013986560166,0.05760058813627168,0.2041118707349182,0.000463385356971815,0.12941762482562194,0.032711895963997,0.06530348687016667,0.1935317627810772,0.0014386046099729988,True,False,True,False
cognition,Cognition,Participant performance,pea_wiscv_tss,Matrix reasoning,WISC TSS BL,baselineYear1Arm1,baselineYear1Arm1,"age, sex, site, scanner manufacturer, race/ethnicity",participant,WISC BL,0,3,site05,29,809,809,809,0.13992927256710744,0.033120451191639706,0.0750143810797769,0.20484416405443798,2.390892647946072e-05,0.12941762482562194,0.032711895963997,0.06530348687016667,0.1935317627810772,0.010511647741485497,True,False,True,False
cognition,Cognition,Participant performance,pea_wiscv_tss,Matrix reasoning,WISC TSS BL,baselineYear1Arm1,baselineYear1Arm1,"age, sex, site, scanner manufacturer, race/ethnicity",participant,WISC BL,0,4,site06,58,780,780,780,0.1279124571554348,0.033917644187243315,0.061435096107993595,0.19438981820287604,0.00016242144506494195,0.12941762482562194,0.032711895963997,0.06530348687016667,0.1935317627810772,-0.0015051676701871297,True,False,True,False
cognition,Cognition,Participant performance,pea_wiscv_tss,Matrix reasoning,WISC TSS BL,baselineYear1Arm1,baselineYear1Arm1,"age, sex, site, scanner manufacturer, race/ethnicity",participant,WISC BL,0,5,site08,28,810,810,810,0.13196532089837318,0.033193025500609576,0.06690818637925881,0.19702245541748753,7.017423441573806e-05,0.12941762482562194,0.032711895963997,0.06530348687016667,0.1935317627810772,0.0025476960727512377,True,False,True,False
cognition,Cognition,Participant performance,pea_wiscv_tss,Matrix reasoning,WISC TSS BL,baselineYear1Arm1,baselineYear1Arm1,"age, sex, site, scanner manufacturer, race/ethnicity",participant,WISC BL,0,6,site09,19,819,819,819,0.13145841705950556,0.032801613015228,0.0671684369148384,0.19574839720417272,6.131774015359427e-05,0.12941762482562194,0.032711895963997,0.06530348687016667,0.1935317627810772,0.0020407922338836204,True,False,True,False
cognition,Cognition,Participant performance,pea_wiscv_tss,Matrix reasoning,WISC TSS BL,baselineYear1Arm1,baselineYear1Arm1,"age, sex, site, scanner manufacturer, race/ethnicity",participant,WISC BL,0,7,site10,81,757,757,757,0.13116048651130138,0.033405457632440745,0.06568699266463886,0.19663398035796392,8.625570720055264e-05,0.12941762482562194,0.032711895963997,0.06530348687016667,0.1935317627810772,0.001742861685679442,True,False,True,False
cognition,Cognition,Participant performance,pea_wiscv_tss,Matrix reasoning,WISC TSS BL,baselineYear1Arm1,baselineYear1Arm1,"age, sex, site, scanner manufacturer, race/ethnicity",participant,WISC BL,0,8,site11,10,828,828,828,0.11941968242823991,0.03229290114090934,0.056126759235745186,0.18271260562073466,0.00021729073660238605,0.12941762482562194,0.032711895963997,0.06530348687016667,0.1935317627810772,-0.009997942397382026,True,False,True,False
cognition,Cognition,Participant performance,pea_wiscv_tss,Matrix reasoning,WISC TSS BL,baselineYear1Arm1,baselineYear1Arm1,"age, sex, site, scanner manufacturer, race/ethnicity",participant,WISC BL,0,9,site12,22,816,816,816,0.12833378720169353,0.03301881032011418,0.06361810816191028,0.19304946624147679,0.00010162156772455585,0.12941762482562194,0.032711895963997,0.06530348687016667,0.1935317627810772,-0.001083837623928413,True,False,True,False
cognition,Cognition,Participant performance,pea_wiscv_tss,Matrix reasoning,WISC TSS BL,baselineYear1Arm1,baselineYear1Arm1,"age, sex, site, scanner manufacturer, race/ethnicity",participant,WISC BL,0,10,site13,53,785,785,785,0.13236838951687402,0.0332689771568359,0.0671623924869899,0.19757438654675813,6.928338580724881e-05,0.12941762482562194,0.032711895963997,0.06530348687016667,0.1935317627810772,0.002950764691252078,True,False,True,False
cognition,Cognition,Participant performance,pea_wiscv_tss,Matrix reasoning,WISC TSS BL,baselineYear1Arm1,baselineYear1Arm1,"age, sex, site, scanner manufacturer, race/ethnicity",participant,WISC BL,0,11,site14,18,820,820,820,0.12974538660758606,0.032668825353140016,0.06571566549820261,0.19377510771696949,7.141097602772604e-05,0.12941762482562194,0.032711895963997,0.06530348687016667,0.1935317627810772,0.0003277617819641143,True,False,True,False
cognition,Cognition,Participant performance,pea_wiscv_tss,Matrix reasoning,WISC TSS BL,baselineYear1Arm1,baselineYear1Arm1,"age, sex, site, scanner manufacturer, race/ethnicity",participant,WISC BL,0,12,site15,14,824,824,824,0.12905067083171326,0.03289133189015742,0.06458484492345097,0.19351649673997556,8.725490672772805e-05,0.12941762482562194,0.032711895963997,0.06530348687016667,0.1935317627810772,-0.0003669539939086808,True,False,True,False
cognition,Cognition,Participant performance,pea_wiscv_tss,Matrix reasoning,WISC TSS BL,baselineYear1Arm1,baselineYear1Arm1,"age, sex, site, scanner manufacturer, race/ethnicity",participant,WISC BL,0,13,site16,122,716,716,716,0.1062597724092626,0.03423240819132572,0.03916548525019026,0.17335405956833494,0.001908785203018198,0.12941762482562194,0.032711895963997,0.06530348687016667,0.1935317627810772,-0.023157852416359342,True,False,True,False
cognition,Cognition,Participant performance,pea_wiscv_tss,Matrix reasoning,WISC TSS BL,baselineYear1Arm1,baselineYear1Arm1,"age, sex, site, scanner manufacturer, race/ethnicity",participant,WISC BL,0,14,site17,24,814,814,814,0.12537782189461855,0.03252236753363543,0.06163515283671836,0.18912049095251873,0.00011567007921520336,0.12941762482562194,0.032711895963997,0.06530348687016667,0.1935317627810772,-0.0040398029310033945,True,False,True,False
cognition,Cognition,Participant performance,pea_wiscv_tss,Matrix reasoning,WISC TSS BL,baselineYear1Arm1,baselineYear1Arm1,"age, sex, site, scanner manufacturer, race/ethnicity",participant,WISC BL,0,15,site18,14,824,824,824,0.13196519121145855,0.0328933096259753,0.06749548901222228,0.1964348934106948,6.022796272949217e-05,0.12941762482562194,0.032711895963997,0.06530348687016667,0.1935317627810772,0.0025475663858366138,True,False,True,False
cognition,Cognition,Participant performance,pea_wiscv_tss,Matrix reasoning,WISC TSS BL,baselineYear1Arm1,baselineYear1Arm1,"age, sex, site, scanner manufacturer, race/ethnicity",participant,WISC BL,0,16,site19,44,794,794,794,0.14203614040213045,0.03813028830380642,0.06730214860654099,0.2167701321977199,0.00019529864370503226,0.12941762482562194,0.032711895963997,0.06530348687016667,0.1935317627810772,0.012618515576508504,True,False,True,False
cognition,Cognition,Participant performance,pea_wiscv_tss,Matrix reasoning,WISC TSS BL,baselineYear1Arm1,baselineYear1Arm1,"age, sex, site, scanner manufacturer, race/ethnicity",participant,WISC BL,0,17,site20,61,777,777,777,0.138142844084912,0.033604010299405206,0.07228019416196477,0.20400549400785925,3.941138745569335e-05,0.12941762482562194,0.032711895963997,0.06530348687016667,0.1935317627810772,0.008725219259290068,True,False,True,False
cognition,Cognition,Participant performance,pea_wiscv_tss,Matrix reasoning,WISC TSS BL,baselineYear1Arm1,baselineYear1Arm1,"age, sex, site, scanner manufacturer, race/ethnicity",participant,WISC BL,0,18,site22,2,836,836,836,0.13020316760774442,0.03270516969301655,0.06610221290116108,0.19430412231432775,6.859163979296936e-05,0.12941762482562194,0.032711895963997,0.06530348687016667,0.1935317627810772,0.0007855427821224781,True,False,True,False
cognition,Cognition,Participant performance,nihtbx_cryst_fc,Crystallized cognition,NIH Cryst 2Y,2YearFollowUpYArm1,2YearFollowUpYArm1,"age, sex, site, scanner manufacturer, race/ethnicity",participant,NIH Cryst 2Y,1,0,site01,30,793,793,793,0.10337435818723315,0.03197762350469905,0.04069936780684151,0.16604934856762477,0.001226223096749864,0.10033975696897351,0.03128442380622707,0.039023413031680984,0.16165610090626603,0.0030346012182596305,True,False,True,False
cognition,Cognition,Participant performance,nihtbx_cryst_fc,Crystallized cognition,NIH Cryst 2Y,2YearFollowUpYArm1,2YearFollowUpYArm1,"age, sex, site, scanner manufacturer, race/ethnicity",participant,NIH Cryst 2Y,1,1,site02,85,738,738,738,0.09215734625413097,0.03266985579411952,0.02812560551753951,0.15618908699072243,0.004789392634424159,0.10033975696897351,0.03128442380622707,0.039023413031680984,0.16165610090626603,-0.008182410714842547,True,False,True,False
cognition,Cognition,Participant performance,nihtbx_cryst_fc,Crystallized cognition,NIH Cryst 2Y,2YearFollowUpYArm1,2YearFollowUpYArm1,"age, sex, site, scanner manufacturer, race/ethnicity",participant,NIH Cryst 2Y,1,2,site04,127,696,696,696,0.09305745907496621,0.03342725300251044,0.027541247087937357,0.15857367106199505,0.005371291242531897,0.10033975696897351,0.03128442380622707,0.039023413031680984,0.16165610090626603,-0.007282297894007306,True,False,True,False
cognition,Cognition,Participant performance,nihtbx_cryst_fc,Crystallized cognition,NIH Cryst 2Y,2YearFollowUpYArm1,2YearFollowUpYArm1,"age, sex, site, scanner manufacturer, race/ethnicity",participant,NIH Cryst 2Y,1,3,site05,23,800,800,800,0.10850588412760553,0.031384119342893584,0.04699414052902724,0.17001762772618384,0.0005455158974058274,0.10033975696897351,0.03128442380622707,0.039023413031680984,0.16165610090626603,0.00816612715863202,True,False,True,False
cognition,Cognition,Participant performance,nihtbx_cryst_fc,Crystallized cognition,NIH Cryst 2Y,2YearFollowUpYArm1,2YearFollowUpYArm1,"age, sex, site, scanner manufacturer, race/ethnicity",participant,NIH Cryst 2Y,1,4,site06,54,769,769,769,0.09937835764545644,0.032235054557139875,0.036198811673778544,0.16255790361713435,0.0020497462636152905,0.10033975696897351,0.03128442380622707,0.039023413031680984,0.16165610090626603,-0.0009613993235170759,True,False,True,False
cognition,Cognition,Participant performance,nihtbx_cryst_fc,Crystallized cognition,NIH Cryst 2Y,2YearFollowUpYArm1,2YearFollowUpYArm1,"age, sex, site, scanner manufacturer, race/ethnicity",participant,NIH Cryst 2Y,1,5,site08,30,793,793,793,0.09611965539843698,0.03185991416580159,0.033675371082928375,0.15856393971394558,0.0025533490194908606,0.10033975696897351,0.03128442380622707,0.039023413031680984,0.16165610090626603,-0.0042201015705365386,True,False,True,False
cognition,Cognition,Participant performance,nihtbx_cryst_fc,Crystallized cognition,NIH Cryst 2Y,2YearFollowUpYArm1,2YearFollowUpYArm1,"age, sex, site, scanner manufacturer, race/ethnicity",participant,NIH Cryst 2Y,1,6,site09,11,812,812,812,0.10341170000443611,0.03126486080699694,0.04213369884106422,0.164689701167808,0.000940986105882627,0.10033975696897351,0.03128442380622707,0.039023413031680984,0.16165610090626603,0.0030719430354625987,True,False,True,False
cognition,Cognition,Participant performance,nihtbx_cryst_fc,Crystallized cognition,NIH Cryst 2Y,2YearFollowUpYArm1,2YearFollowUpYArm1,"age, sex, site, scanner manufacturer, race/ethnicity",participant,NIH Cryst 2Y,1,7,site10,82,741,741,741,0.09574029345210938,0.03160245084825486,0.033800627966332576,0.1576799589378862,0.0024494174731153114,0.10033975696897351,0.03128442380622707,0.039023413031680984,0.16165610090626603,-0.004599463516864133,True,False,True,False
cognition,Cognition,Participant performance,nihtbx_cryst_fc,Crystallized cognition,NIH Cryst 2Y,2YearFollowUpYArm1,2YearFollowUpYArm1,"age, sex, site, scanner manufacturer, race/ethnicity",participant,NIH Cryst 2Y,1,8,site11,9,814,814,814,0.09659540236229683,0.03144823702999251,0.034957990406232625,0.15823281431836103,0.0021293756906747073,0.10033975696897351,0.03128442380622707,0.039023413031680984,0.16165610090626603,-0.0037443546066766864,True,False,True,False
cognition,Cognition,Participant performance,nihtbx_cryst_fc,Crystallized cognition,NIH Cryst 2Y,2YearFollowUpYArm1,2YearFollowUpYArm1,"age, sex, site, scanner manufacturer, race/ethnicity",participant,NIH Cryst 2Y,1,9,site12,22,801,801,801,0.10047090690145707,0.03153126475930264,0.03867076358622689,0.16227105021668725,0.0014406025489123893,0.10033975696897351,0.03128442380622707,0.039023413031680984,0.16165610090626603,0.00013114993248355966,True,False,True,False
cognition,Cognition,Participant performance,nihtbx_cryst_fc,Crystallized cognition,NIH Cryst 2Y,2YearFollowUpYArm1,2YearFollowUpYArm1,"age, sex, site, scanner manufacturer, race/ethnicity",participant,NIH Cryst 2Y,1,10,site13,54,769,769,769,0.10756380220923237,0.03200109175679241,0.044842814899957645,0.1702847895185071,0.0007758939799765402,0.10033975696897351,0.03128442380622707,0.039023413031680984,0.16165610090626603,0.007224045240258853,True,False,True,False
cognition,Cognition,Participant performance,nihtbx_cryst_fc,Crystallized cognition,NIH Cryst 2Y,2YearFollowUpYArm1,2YearFollowUpYArm1,"age, sex, site, scanner manufacturer, race/ethnicity",participant,NIH Cryst 2Y,1,11,site14,19,804,804,804,0.09975588293998179,0.0315272689951336,0.03796357117861364,0.16154819470134996,0.0015555568691919955,0.10033975696897351,0.03128442380622707,0.039023413031680984,0.16165610090626603,-0.0005838740289917238,True,False,True,False
cognition,Cognition,Participant performance,nihtbx_cryst_fc,Crystallized cognition,NIH Cryst 2Y,2YearFollowUpYArm1,2YearFollowUpYArm1,"age, sex, site, scanner manufacturer, race/ethnicity",participant,NIH Cryst 2Y,1,12,site15,14,809,809,809,0.10343703985233638,0.03139824827279457,0.04189760406001206,0.1649764756446607,0.00098647113847852,0.10033975696897351,0.03128442380622707,0.039023413031680984,0.16165610090626603,0.003097282883362862,True,False,True,False
cognition,Cognition,Participant performance,nihtbx_cryst_fc,Crystallized cognition,NIH Cryst 2Y,2YearFollowUpYArm1,2YearFollowUpYArm1,"age, sex, site, scanner manufacturer, race/ethnicity",participant,NIH Cryst 2Y,1,13,site16,120,703,703,703,0.08287893772220757,0.032201428260901506,0.01976529808009035,0.1459925773643248,0.010059831629145763,0.10033975696897351,0.03128442380622707,0.039023413031680984,0.16165610090626603,-0.017460819246765943,True,False,True,False
cognition,Cognition,Participant performance,nihtbx_cryst_fc,Crystallized cognition,NIH Cryst 2Y,2YearFollowUpYArm1,2YearFollowUpYArm1,"age, sex, site, scanner manufacturer, race/ethnicity",participant,NIH Cryst 2Y,1,14,site17,23,800,800,800,0.10660572885275513,0.03140952525595686,0.04504419057957846,0.1681672671259318,0.0006886527902596143,0.10033975696897351,0.03128442380622707,0.039023413031680984,0.16165610090626603,0.0062659718837816125,True,False,True,False
cognition,Cognition,Participant performance,nihtbx_cryst_fc,Crystallized cognition,NIH Cryst 2Y,2YearFollowUpYArm1,2YearFollowUpYArm1,"age, sex, site, scanner manufacturer, race/ethnicity",participant,NIH Cryst 2Y,1,15,site18,14,809,809,809,0.10406181989017523,0.031320500274478455,0.04267476737442057,0.16544887240592987,0.0008922020805415326,0.10033975696897351,0.03128442380622707,0.039023413031680984,0.16165610090626603,0.0037220629212017103,True,False,True,False
cognition,Cognition,Participant performance,nihtbx_cryst_fc,Crystallized cognition,NIH Cryst 2Y,2YearFollowUpYArm1,2YearFollowUpYArm1,"age, sex, site, scanner manufacturer, race/ethnicity",participant,NIH Cryst 2Y,1,16,site19,43,780,780,780,0.105571038429518,0.04066218966969185,0.02587461114438533,0.18526746571465066,0.009423512833885024,0.10033975696897351,0.03128442380622707,0.039023413031680984,0.16165610090626603,0.005231281460544482,True,False,True,False
cognition,Cognition,Participant performance,nihtbx_cryst_fc,Crystallized cognition,NIH Cryst 2Y,2YearFollowUpYArm1,2YearFollowUpYArm1,"age, sex, site, scanner manufacturer, race/ethnicity",participant,NIH Cryst 2Y,1,17,site20,61,762,762,762,0.10707455166695062,0.03209800080801485,0.04416362610750396,0.16998547722639729,0.0008503488236482463,0.10033975696897351,0.03128442380622707,0.039023413031680984,0.16165610090626603,0.006734794697977109,True,False,True,False
cognition,Cognition,Participant performance,nihtbx_cryst_fc,Crystallized cognition,NIH Cryst 2Y,2YearFollowUpYArm1,2YearFollowUpYArm1,"age, sex, site, scanner manufacturer, race/ethnicity",participant,NIH Cryst 2Y,1,18,site21,2,821,821,821,0.1003988136052025,0.0312739994294434,0.039102901070967234,0.16169472613943778,0.001325980805005305,0.10033975696897351,0.03128442380622707,0.039023413031680984,0.16165610090626603,5.9056636228987935e-05,True,False,True,False
cbcl,CBCL,Parent,cbcl_scr_syn_totprob_r,CBCL total problems,CBCL Total,POOLED_ANNUAL,Pooled annual visits,"within-event age, event, sex, site, scanner manufacturer, race/ethnicity, grouped family income",baseline family ID; participant fallback,CBCL Total,2,0,site01,25,3847,772,694,-0.0738115672205998,0.027431711804901445,-0.12757673439248887,-0.020046400048710722,0.0071294022042852215,-0.07979110810611517,0.027555039784572348,-0.1337979936764453,-0.025784222535785037,0.005979540885515375,True,False,True,True
cbcl,CBCL,Parent,cbcl_scr_syn_totprob_r,CBCL total problems,CBCL Total,POOLED_ANNUAL,Pooled annual visits,"within-event age, event, sex, site, scanner manufacturer, race/ethnicity, grouped family income",baseline family ID; participant fallback,CBCL Total,2,1,site02,83,3558,714,657,-0.07845838762546277,0.029028536796282225,-0.13535327427007166,-0.021563500980853884,0.0068757688881868635,-0.07979110810611517,0.027555039784572348,-0.1337979936764453,-0.025784222535785037,0.0013327204806524023,True,False,True,True
cbcl,CBCL,Parent,cbcl_scr_syn_totprob_r,CBCL total problems,CBCL Total,POOLED_ANNUAL,Pooled annual visits,"within-event age, event, sex, site, scanner manufacturer, race/ethnicity, grouped family income",baseline family ID; participant fallback,CBCL Total,2,2,site04,119,3379,678,605,-0.09473830457595792,0.03286564518976005,-0.15915378547655967,-0.03032282367535616,0.003944157051451033,-0.07979110810611517,0.027555039784572348,-0.1337979936764453,-0.025784222535785037,-0.014947196469842744,True,False,True,True
cbcl,CBCL,Parent,cbcl_scr_syn_totprob_r,CBCL total problems,CBCL Total,POOLED_ANNUAL,Pooled annual visits,"within-event age, event, sex, site, scanner manufacturer, race/ethnicity, grouped family income",baseline family ID; participant fallback,CBCL Total,2,3,site05,28,3832,769,691,-0.08381475099043059,0.027986631294156638,-0.1386675403755792,-0.02896196160528198,0.002746123784632938,-0.07979110810611517,0.027555039784572348,-0.1337979936764453,-0.025784222535785037,-0.00402364288431542,True,False,True,True
cbcl,CBCL,Parent,cbcl_scr_syn_totprob_r,CBCL total problems,CBCL Total,POOLED_ANNUAL,Pooled annual visits,"within-event age, event, sex, site, scanner manufacturer, race/ethnicity, grouped family income",baseline family ID; participant fallback,CBCL Total,2,4,site06,59,3679,738,661,-0.07375559602058859,0.028527375522673766,-0.12966822461847868,-0.01784296742269851,0.009725699107829945,-0.07979110810611517,0.027555039784572348,-0.1337979936764453,-0.025784222535785037,0.006035512085526579,True,False,True,True
cbcl,CBCL,Parent,cbcl_scr_syn_totprob_r,CBCL total problems,CBCL Total,POOLED_ANNUAL,Pooled annual visits,"within-event age, event, sex, site, scanner manufacturer, race/ethnicity, grouped family income",baseline family ID; participant fallback,CBCL Total,2,5,site08,27,3837,770,693,-0.07893381072841259,0.02819999582956226,-0.13420478691853435,-0.02366283453829083,0.00512497534179859,-0.07979110810611517,0.027555039784572348,-0.1337979936764453,-0.025784222535785037,0.0008572973777025844,True,False,True,True
cbcl,CBCL,Parent,cbcl_scr_syn_totprob_r,CBCL total problems,CBCL Total,POOLED_ANNUAL,Pooled annual visits,"within-event age, event, sex, site, scanner manufacturer, race/ethnicity, grouped family income",baseline family ID; participant fallback,CBCL Total,2,6,site09,15,3897,782,704,-0.08050502434976732,0.02770401098493616,-0.13480388810754423,-0.026206160591990414,0.0036620104506499417,-0.07979110810611517,0.027555039784572348,-0.1337979936764453,-0.025784222535785037,-0.000713916243652149,True,False,True,True
cbcl,CBCL,Parent,cbcl_scr_syn_totprob_r,CBCL total problems,CBCL Total,POOLED_ANNUAL,Pooled annual visits,"within-event age, event, sex, site, scanner manufacturer, race/ethnicity, grouped family income",baseline family ID; participant fallback,CBCL Total,2,7,site10,72,3613,725,653,-0.0733964188435211,0.028203263827994186,-0.12867380019287097,-0.018119037494171243,0.009257146280916211,-0.07979110810611517,0.027555039784572348,-0.1337979936764453,-0.025784222535785037,0.0063946892625940666,True,False,True,True
cbcl,CBCL,Parent,cbcl_scr_syn_totprob_r,CBCL total problems,CBCL Total,POOLED_ANNUAL,Pooled annual visits,"within-event age, event, sex, site, scanner manufacturer, race/ethnicity, grouped family income",baseline family ID; participant fallback,CBCL Total,2,8,site11,9,3927,788,711,-0.08292542233592351,0.02792469288380321,-0.13765681466751972,-0.028194030004327283,0.002981789020111783,-0.07979110810611517,0.027555039784572348,-0.1337979936764453,-0.025784222535785037,-0.003134314229808338,True,False,True,True
cbcl,CBCL,Parent,cbcl_scr_syn_totprob_r,CBCL total problems,CBCL Total,POOLED_ANNUAL,Pooled annual visits,"within-event age, event, sex, site, scanner manufacturer, race/ethnicity, grouped family income",baseline family ID; participant fallback,CBCL Total,2,9,site12,19,3877,778,700,-0.08159900746182755,0.02795684201886325,-0.13639341094027557,-0.026804603983379527,0.0035143896204363322,-0.07979110810611517,0.027555039784572348,-0.1337979936764453,-0.025784222535785037,-0.001807899355712378,True,False,True,True
cbcl,CBCL,Parent,cbcl_scr_syn_totprob_r,CBCL total problems,CBCL Total,POOLED_ANNUAL,Pooled annual visits,"within-event age, event, sex, site, scanner manufacturer, race/ethnicity, grouped family income",baseline family ID; participant fallback,CBCL Total,2,10,site13,53,3708,744,668,-0.08535866214330862,0.02916672850583904,-0.1425243995616109,-0.028192924725006355,0.003427152111673055,-0.07979110810611517,0.027555039784572348,-0.1337979936764453,-0.025784222535785037,-0.005567554037193445,True,False,True,True
cbcl,CBCL,Parent,cbcl_scr_syn_totprob_r,CBCL total problems,CBCL Total,POOLED_ANNUAL,Pooled annual visits,"within-event age, event, sex, site, scanner manufacturer, race/ethnicity, grouped family income",baseline family ID; participant fallback,CBCL Total,2,11,site14,18,3882,779,706,-0.07868422213595425,0.02748451816196151,-0.1325528878658358,-0.024815556406072685,0.004198411103354033,-0.07979110810611517,0.027555039784572348,-0.1337979936764453,-0.025784222535785037,0.0011068859701609257,True,False,True,True
cbcl,CBCL,Parent,cbcl_scr_syn_totprob_r,CBCL total problems,CBCL Total,POOLED_ANNUAL,Pooled annual visits,"within-event age, event, sex, site, scanner manufacturer, race/ethnicity, grouped family income",baseline family ID; participant fallback,CBCL Total,2,12,site15,12,3913,785,708,-0.08258788083123039,0.027744798912560518,-0.13696668745815507,-0.02820907420430572,0.0029137109526385105,-0.07979110810611517,0.027555039784572348,-0.1337979936764453,-0.025784222535785037,-0.002796772725115221,True,False,True,True
cbcl,CBCL,Parent,cbcl_scr_syn_totprob_r,CBCL total problems,CBCL Total,POOLED_ANNUAL,Pooled annual visits,"within-event age, event, sex, site, scanner manufacturer, race/ethnicity, grouped family income",baseline family ID; participant fallback,CBCL Total,2,13,site16,118,3385,679,606,-0.06384831915739589,0.02597609698593521,-0.11476053370874835,-0.012936104606043428,0.013972706154884733,-0.07979110810611517,0.027555039784572348,-0.1337979936764453,-0.025784222535785037,0.015942788948719283,True,False,True,True
cbcl,CBCL,Parent,cbcl_scr_syn_totprob_r,CBCL total problems,CBCL Total,POOLED_ANNUAL,Pooled annual visits,"within-event age, event, sex, site, scanner manufacturer, race/ethnicity, grouped family income",baseline family ID; participant fallback,CBCL Total,2,14,site17,23,3858,774,697,-0.06937467571230418,0.026684520064355878,-0.12167537398317815,-0.017073977441430216,0.009327545365645711,-0.07979110810611517,0.027555039784572348,-0.1337979936764453,-0.025784222535785037,0.010416432393810987,True,False,True,True
cbcl,CBCL,Parent,cbcl_scr_syn_totprob_r,CBCL total problems,CBCL Total,POOLED_ANNUAL,Pooled annual visits,"within-event age, event, sex, site, scanner manufacturer, race/ethnicity, grouped family income",baseline family ID; participant fallback,CBCL Total,2,15,site18,14,3902,783,705,-0.07953748565826978,0.027575414776994704,-0.133584305479933,-0.02549066583660655,0.003922072928450998,-0.07979110810611517,0.027555039784572348,-0.1337979936764453,-0.025784222535785037,0.00025362244784539467,True,False,True,True
cbcl,CBCL,Parent,cbcl_scr_syn_totprob_r,CBCL total problems,CBCL Total,POOLED_ANNUAL,Pooled annual visits,"within-event age, event, sex, site, scanner manufacturer, race/ethnicity, grouped family income",baseline family ID; participant fallback,CBCL Total,2,16,site19,42,3762,755,689,-0.11419470644026586,0.034862794848547,-0.18252452874382652,-0.04586488413670521,0.0010545774349145945,-0.07979110810611517,0.027555039784572348,-0.1337979936764453,-0.025784222535785037,-0.03440359833415069,True,False,True,True
cbcl,CBCL,Parent,cbcl_scr_syn_totprob_r,CBCL total problems,CBCL Total,POOLED_ANNUAL,Pooled annual visits,"within-event age, event, sex, site, scanner manufacturer, race/ethnicity, grouped family income",baseline family ID; participant fallback,CBCL Total,2,17,site20,59,3678,738,677,-0.0757154427144071,0.027661455941258177,-0.12993090011921463,-0.021499985309599567,0.006196116598667869,-0.07979110810611517,0.027555039784572348,-0.1337979936764453,-0.025784222535785037,0.004075665391708075,True,False,True,True
cbcl,CBCL,Parent,cbcl_scr_syn_totprob_r,CBCL total problems,CBCL Total,POOLED_ANNUAL,Pooled annual visits,"within-event age, event, sex, site, scanner manufacturer, race/ethnicity, grouped family income",baseline family ID; participant fallback,CBCL Total,2,18,site21,2,3962,795,717,-0.07963922597380751,0.02754834556222287,-0.13363299110942817,-0.025645460838186862,0.003841530309815628,-0.07979110810611517,0.027555039784572348,-0.1337979936764453,-0.025784222535785037,0.0001518821323076569,True,False,True,True
cbcl,CBCL,Parent,cbcl_scr_syn_attention_r,CBCL attention problems,CBCL Attention,POOLED_ANNUAL,Pooled annual visits,"within-event age, event, sex, site, scanner manufacturer, race/ethnicity, grouped family income",baseline family ID; participant fallback,CBCL Attention,3,0,site01,25,3847,772,694,-0.07393956807669856,0.027455539611017092,-0.1277514368904049,-0.020127699262992217,0.007079834657877459,-0.07658959983452504,0.027505271012829416,-0.13049894040468424,-0.02268025926436585,0.0026500317578264793,True,False,True,True
cbcl,CBCL,Parent,cbcl_scr_syn_attention_r,CBCL attention problems,CBCL Attention,POOLED_ANNUAL,Pooled annual visits,"within-event age, event, sex, site, scanner manufacturer, race/ethnicity, grouped family income",baseline family ID; participant fallback,CBCL Attention,3,1,site02,83,3558,714,657,-0.07839961239185639,0.028087091449210403,-0.13344930006279168,-0.023349924720921088,0.005249613138098763,-0.07658959983452504,0.027505271012829416,-0.13049894040468424,-0.02268025926436585,-0.0018100125573313475,True,False,True,True
cbcl,CBCL,Parent,cbcl_scr_syn_attention_r,CBCL attention problems,CBCL Attention,POOLED_ANNUAL,Pooled annual visits,"within-event age, event, sex, site, scanner manufacturer, race/ethnicity, grouped family income",baseline family ID; participant fallback,CBCL Attention,3,2,site04,119,3379,678,605,-0.08399266709975406,0.030953048889505,-0.14465952813489139,-0.02332580606461674,0.006656638373768539,-0.07658959983452504,0.027505271012829416,-0.13049894040468424,-0.02268025926436585,-0.007403067265229019,True,False,True,True
cbcl,CBCL,Parent,cbcl_scr_syn_attention_r,CBCL attention problems,CBCL Attention,POOLED_ANNUAL,Pooled annual visits,"within-event age, event, sex, site, scanner manufacturer, race/ethnicity, grouped family income",baseline family ID; participant fallback,CBCL Attention,3,3,site05,28,3832,769,691,-0.08176967233373686,0.027961466257877265,-0.13657313915410826,-0.02696620551336546,0.0034515424476512773,-0.07658959983452504,0.027505271012829416,-0.13049894040468424,-0.02268025926436585,-0.0051800724992118186,True,False,True,True
cbcl,CBCL,Parent,cbcl_scr_syn_attention_r,CBCL attention problems,CBCL Attention,POOLED_ANNUAL,Pooled annual visits,"within-event age, event, sex, site, scanner manufacturer, race/ethnicity, grouped family income",baseline family ID; participant fallback,CBCL Attention,3,4,site06,59,3679,738,661,-0.07170174400738805,0.028682424945852228,-0.12791826389053162,-0.015485224124244468,0.012424609682897285,-0.07658959983452504,0.027505271012829416,-0.13049894040468424,-0.02268025926436585,0.004887855827136994,True,False,True,True
cbcl,CBCL,Parent,cbcl_scr_syn_attention_r,CBCL attention problems,CBCL Attention,POOLED_ANNUAL,Pooled annual visits,"within-event age, event, sex, site, scanner manufacturer, race/ethnicity, grouped family income",baseline family ID; participant fallback,CBCL Attention,3,5,site08,27,3837,770,693,-0.0758280922857873,0.027986367130234273,-0.13068036391916205,-0.020975820652412533,0.006739174199687051,-0.07658959983452504,0.027505271012829416,-0.13049894040468424,-0.02268025926436585,0.0007615075487377443,True,False,True,True
cbcl,CBCL,Parent,cbcl_scr_syn_attention_r,CBCL attention problems,CBCL Attention,POOLED_ANNUAL,Pooled annual visits,"within-event age, event, sex, site, scanner manufacturer, race/ethnicity, grouped family income",baseline family ID; participant fallback,CBCL Attention,3,6,site09,15,3897,782,704,-0.07762603663953876,0.027693509751858397,-0.13190431835869,-0.023347754920387535,0.005062327093562141,-0.07658959983452504,0.027505271012829416,-0.13049894040468424,-0.02268025926436585,-0.001036436805013724,True,False,True,True
cbcl,CBCL,Parent,cbcl_scr_syn_attention_r,CBCL attention problems,CBCL Attention,POOLED_ANNUAL,Pooled annual visits,"within-event age, event, sex, site, scanner manufacturer, race/ethnicity, grouped family income",baseline family ID; participant fallback,CBCL Attention,3,7,site10,72,3613,725,653,-0.06584404596553622,0.0283256643445129,-0.12136132791895188,-0.010326764012120578,0.020096747629227783,-0.07658959983452504,0.027505271012829416,-0.13049894040468424,-0.02268025926436585,0.010745553868988816,True,False,True,True
cbcl,CBCL,Parent,cbcl_scr_syn_attention_r,CBCL attention problems,CBCL Attention,POOLED_ANNUAL,Pooled annual visits,"within-event age, event, sex, site, scanner manufacturer, race/ethnicity, grouped family income",baseline family ID; participant fallback,CBCL Attention,3,8,site11,9,3927,788,711,-0.07772188771831265,0.027868860267784203,-0.13234385013334898,-0.02309992530327632,0.005289663163564649,-0.07658959983452504,0.027505271012829416,-0.13049894040468424,-0.02268025926436585,-0.0011322878837876083,True,False,True,True
cbcl,CBCL,Parent,cbcl_scr_syn_attention_r,CBCL attention problems,CBCL Attention,POOLED_ANNUAL,Pooled annual visits,"within-event age, event, sex, site, scanner manufacturer, race/ethnicity, grouped family income",baseline family ID; participant fallback,CBCL Attention,3,9,site12,19,3877,778,700,-0.07947423202053731,0.027893159181975644,-0.1341438194322523,-0.024804644608822334,0.004382416812494843,-0.07658959983452504,0.027505271012829416,-0.13049894040468424,-0.02268025926436585,-0.002884632186012273,True,False,True,True
cbcl,CBCL,Parent,cbcl_scr_syn_attention_r,CBCL attention problems,CBCL Attention,POOLED_ANNUAL,Pooled annual visits,"within-event age, event, sex, site, scanner manufacturer, race/ethnicity, grouped family income",baseline family ID; participant fallback,CBCL Attention,3,10,site13,53,3708,744,668,-0.08520988164450577,0.02900437086255596,-0.1420574039293584,-0.02836235935965315,0.0033051927970213766,-0.07658959983452504,0.027505271012829416,-0.13049894040468424,-0.02268025926436585,-0.008620281809980729,True,False,True,True
cbcl,CBCL,Parent,cbcl_scr_syn_attention_r,CBCL attention problems,CBCL Attention,POOLED_ANNUAL,Pooled annual visits,"within-event age, event, sex, site, scanner manufacturer, race/ethnicity, grouped family income",baseline family ID; participant fallback,CBCL Attention,3,11,site14,18,3882,779,706,-0.07455510256125025,0.027601013238391824,-0.12865209444531148,-0.02045811067718903,0.006909545674810265,-0.07658959983452504,0.027505271012829416,-0.13049894040468424,-0.02268025926436585,0.002034497273274788,True,False,True,True
cbcl,CBCL,Parent,cbcl_scr_syn_attention_r,CBCL attention problems,CBCL Attention,POOLED_ANNUAL,Pooled annual visits,"within-event age, event, sex, site, scanner manufacturer, race/ethnicity, grouped family income",baseline family ID; participant fallback,CBCL Attention,3,12,site15,12,3913,785,708,-0.08184799641700932,0.027634740258915106,-0.13601109204660203,-0.027684900787416623,0.0030586712930438576,-0.07658959983452504,0.027505271012829416,-0.13049894040468424,-0.02268025926436585,-0.0052583965824842815,True,False,True,True
cbcl,CBCL,Parent,cbcl_scr_syn_attention_r,CBCL attention problems,CBCL Attention,POOLED_ANNUAL,Pooled annual visits,"within-event age, event, sex, site, scanner manufacturer, race/ethnicity, grouped family income",baseline family ID; participant fallback,CBCL Attention,3,13,site16,118,3385,679,606,-0.06512646907668947,0.0273035072590104,-0.11864035995597778,-0.01161257819740115,0.01706619570889709,-0.07658959983452504,0.027505271012829416,-0.13049894040468424,-0.02268025926436585,0.011463130757835574,True,False,True,True
cbcl,CBCL,Parent,cbcl_scr_syn_attention_r,CBCL attention problems,CBCL Attention,POOLED_ANNUAL,Pooled annual visits,"within-event age, event, sex, site, scanner manufacturer, race/ethnicity, grouped family income",baseline family ID; participant fallback,CBCL Attention,3,14,site17,23,3858,774,697,-0.06914821050697123,0.02677589960398677,-0.1216280093844456,-0.016668411629496865,0.009809320367185376,-0.07658959983452504,0.027505271012829416,-0.13049894040468424,-0.02268025926436585,0.00744138932755381,True,False,True,True
cbcl,CBCL,Parent,cbcl_scr_syn_attention_r,CBCL attention problems,CBCL Attention,POOLED_ANNUAL,Pooled annual visits,"within-event age, event, sex, site, scanner manufacturer, race/ethnicity, grouped family income",baseline family ID; participant fallback,CBCL Attention,3,15,site18,14,3902,783,705,-0.07869111743856091,0.027334491456766693,-0.13226573622954144,-0.0251164986475804,0.003991643887312049,-0.07658959983452504,0.027505271012829416,-0.13049894040468424,-0.02268025926436585,-0.002101517604035874,True,False,True,True
cbcl,CBCL,Parent,cbcl_scr_syn_attention_r,CBCL attention problems,CBCL Attention,POOLED_ANNUAL,Pooled annual visits,"within-event age, event, sex, site, scanner manufacturer, race/ethnicity, grouped family income",baseline family ID; participant fallback,CBCL Attention,3,16,site19,42,3762,755,689,-0.08456361724254384,0.03533917169420651,-0.1538271210066659,-0.015300113478421765,0.016715134602432916,-0.07658959983452504,0.027505271012829416,-0.13049894040468424,-0.02268025926436585,-0.0079740174080188,True,False,True,True
cbcl,CBCL,Parent,cbcl_scr_syn_attention_r,CBCL attention problems,CBCL Attention,POOLED_ANNUAL,Pooled annual visits,"within-event age, event, sex, site, scanner manufacturer, race/ethnicity, grouped family income",baseline family ID; participant fallback,CBCL Attention,3,17,site20,59,3678,738,677,-0.0792543306806287,0.028221318936618632,-0.13456709939261943,-0.02394156196863797,0.0049801611096627965,-0.07658959983452504,0.027505271012829416,-0.13049894040468424,-0.02268025926436585,-0.0026647308461036634,True,False,True,True
cbcl,CBCL,Parent,cbcl_scr_syn_attention_r,CBCL attention problems,CBCL Attention,POOLED_ANNUAL,Pooled annual visits,"within-event age, event, sex, site, scanner manufacturer, race/ethnicity, grouped family income",baseline family ID; participant fallback,CBCL Attention,3,18,site21,2,3962,795,717,-0.07639702181936053,0.027501309136481154,-0.13029859725456594,-0.022495446384155134,0.005470450370549283,-0.07658959983452504,0.027505271012829416,-0.13049894040468424,-0.02268025926436585,0.00019257801516450734,True,False,True,True
