relationship_order,source,outcome,event_key,relationship_short_label,bin,n_observations,n_subjects,n_clusters,x_mean,y_mean,y_ci95_descriptive
0,cognition,pea_wiscv_tss,baselineYear1Arm1,WISC BL,0,53,53,53,-1.9387303560788685,-0.2512962029889432,0.2872023690891536
0,cognition,pea_wiscv_tss,baselineYear1Arm1,WISC BL,1,52,52,52,-0.9836595906397609,-0.20874322691153077,0.25383519473586985
0,cognition,pea_wiscv_tss,baselineYear1Arm1,WISC BL,2,52,52,52,-0.7614292415284313,-0.1317127403446419,0.2673302898102764
0,cognition,pea_wiscv_tss,baselineYear1Arm1,WISC BL,3,53,53,53,-0.6022064728999987,-0.0703133357642777,0.2554924594063854
0,cognition,pea_wiscv_tss,baselineYear1Arm1,WISC BL,4,52,52,52,-0.4691903726792399,-0.07089055543054384,0.25762957318996516
0,cognition,pea_wiscv_tss,baselineYear1Arm1,WISC BL,5,52,52,52,-0.32629822284358173,-0.001459186784025158,0.23144095460942282
0,cognition,pea_wiscv_tss,baselineYear1Arm1,WISC BL,6,53,53,53,-0.18584964576988483,-0.09906964641260167,0.22959228437503193
0,cognition,pea_wiscv_tss,baselineYear1Arm1,WISC BL,7,52,52,52,-0.0557116935096367,-0.0630862796169234,0.25758354262490707
0,cognition,pea_wiscv_tss,baselineYear1Arm1,WISC BL,8,52,52,52,0.05335059421182696,-0.06719615191376543,0.21610463999486876
0,cognition,pea_wiscv_tss,baselineYear1Arm1,WISC BL,9,53,53,53,0.18354991333576837,0.010557277931532869,0.288161265100227
0,cognition,pea_wiscv_tss,baselineYear1Arm1,WISC BL,10,52,52,52,0.31704997705598653,0.14435543626685224,0.27200416118661364
0,cognition,pea_wiscv_tss,baselineYear1Arm1,WISC BL,11,52,52,52,0.46764801751514595,0.21845537333174622,0.2239558462910026
0,cognition,pea_wiscv_tss,baselineYear1Arm1,WISC BL,12,53,53,53,0.6325231094834429,0.2453986391258452,0.26708052620592215
0,cognition,pea_wiscv_tss,baselineYear1Arm1,WISC BL,13,52,52,52,0.8202865996637384,0.08709867387674365,0.2822768793746148
0,cognition,pea_wiscv_tss,baselineYear1Arm1,WISC BL,14,52,52,52,1.075728753329916,0.14525658667023744,0.2537069439216747
0,cognition,pea_wiscv_tss,baselineYear1Arm1,WISC BL,15,53,53,53,1.775538156270105,0.1136279414009751,0.238920893746449
1,cognition,nihtbx_cryst_fc,2YearFollowUpYArm1,NIH Cryst 2Y,0,52,52,52,-1.9702355150059867,-0.2095193472015531,0.2655610245116035
1,cognition,nihtbx_cryst_fc,2YearFollowUpYArm1,NIH Cryst 2Y,1,51,51,51,-0.9931847592212734,-0.26356398169270046,0.26562503883045774
1,cognition,nihtbx_cryst_fc,2YearFollowUpYArm1,NIH Cryst 2Y,2,52,52,52,-0.7642373784530112,0.04325425433357345,0.21466598549223345
1,cognition,nihtbx_cryst_fc,2YearFollowUpYArm1,NIH Cryst 2Y,3,51,51,51,-0.6004759913956998,-0.19209343632410814,0.2624269316700832
1,cognition,nihtbx_cryst_fc,2YearFollowUpYArm1,NIH Cryst 2Y,4,51,51,51,-0.4768980612350703,-0.03606442118277026,0.28959598120998176
1,cognition,nihtbx_cryst_fc,2YearFollowUpYArm1,NIH Cryst 2Y,5,52,52,52,-0.3260021698860439,0.040776959215842394,0.24943733629395368
1,cognition,nihtbx_cryst_fc,2YearFollowUpYArm1,NIH Cryst 2Y,6,51,51,51,-0.1791801087690057,-0.17066468113228525,0.2742692563007346
1,cognition,nihtbx_cryst_fc,2YearFollowUpYArm1,NIH Cryst 2Y,7,51,51,51,-0.06560524167418774,0.18024646951522086,0.21516223021843453
1,cognition,nihtbx_cryst_fc,2YearFollowUpYArm1,NIH Cryst 2Y,8,52,52,52,0.0628121368793361,0.15747086108586525,0.2559679169235767
1,cognition,nihtbx_cryst_fc,2YearFollowUpYArm1,NIH Cryst 2Y,9,51,51,51,0.18007677166883337,-0.0325843862984238,0.2604541786023545
1,cognition,nihtbx_cryst_fc,2YearFollowUpYArm1,NIH Cryst 2Y,10,52,52,52,0.3135726531019776,-0.025266122326165225,0.23942200521785326
1,cognition,nihtbx_cryst_fc,2YearFollowUpYArm1,NIH Cryst 2Y,11,51,51,51,0.45514181406467247,0.0020655354536523373,0.2782892124600173
1,cognition,nihtbx_cryst_fc,2YearFollowUpYArm1,NIH Cryst 2Y,12,51,51,51,0.6161246849052385,0.24300066655406646,0.3168268489010219
1,cognition,nihtbx_cryst_fc,2YearFollowUpYArm1,NIH Cryst 2Y,13,52,52,52,0.8091700601303955,0.21029890150687772,0.28558698726645965
1,cognition,nihtbx_cryst_fc,2YearFollowUpYArm1,NIH Cryst 2Y,14,51,51,51,1.0811412637653335,0.051092160378530024,0.274331148004335
1,cognition,nihtbx_cryst_fc,2YearFollowUpYArm1,NIH Cryst 2Y,15,52,52,52,1.8581094636650473,-0.002652625630407931,0.24428368834560354
2,cbcl,cbcl_scr_syn_totprob_r,POOLED_ANNUAL,CBCL Total,0,249,53,51,-1.9290582635367455,0.15465131960935846,0.13492460309612314
2,cbcl,cbcl_scr_syn_totprob_r,POOLED_ANNUAL,CBCL Total,1,248,60,59,-1.0192899772390709,-0.0034261792876053004,0.11972391068029682
2,cbcl,cbcl_scr_syn_totprob_r,POOLED_ANNUAL,CBCL Total,2,248,63,63,-0.7752135637998482,0.22561822393760694,0.13372360123016705
2,cbcl,cbcl_scr_syn_totprob_r,POOLED_ANNUAL,CBCL Total,3,248,69,65,-0.6140094479998048,-0.09285815144456673,0.09394931925756153
2,cbcl,cbcl_scr_syn_totprob_r,POOLED_ANNUAL,CBCL Total,4,248,67,64,-0.48346409927393474,0.09044347538055783,0.10438181348879368
2,cbcl,cbcl_scr_syn_totprob_r,POOLED_ANNUAL,CBCL Total,5,249,65,65,-0.3320941828798554,0.35959098709909626,0.17640907526709926
2,cbcl,cbcl_scr_syn_totprob_r,POOLED_ANNUAL,CBCL Total,6,248,66,66,-0.19628048104741821,0.029145403975135837,0.1217794363560041
2,cbcl,cbcl_scr_syn_totprob_r,POOLED_ANNUAL,CBCL Total,7,248,68,67,-0.05503523445438347,-0.09206202532877847,0.11585074151427437
2,cbcl,cbcl_scr_syn_totprob_r,POOLED_ANNUAL,CBCL Total,8,248,64,64,0.04889159793859608,-0.12537091771008416,0.11095523138794773
2,cbcl,cbcl_scr_syn_totprob_r,POOLED_ANNUAL,CBCL Total,9,248,65,63,0.18910264243806024,0.1842436516723943,0.152985487333989
2,cbcl,cbcl_scr_syn_totprob_r,POOLED_ANNUAL,CBCL Total,10,249,70,70,0.3201511839273514,-0.14365180177908166,0.12664881336939462
2,cbcl,cbcl_scr_syn_totprob_r,POOLED_ANNUAL,CBCL Total,11,248,67,66,0.4623812787148032,-0.19151971399231055,0.09164636558499903
2,cbcl,cbcl_scr_syn_totprob_r,POOLED_ANNUAL,CBCL Total,12,248,63,63,0.6230292306233433,-0.037029646255139485,0.11886552777358386
2,cbcl,cbcl_scr_syn_totprob_r,POOLED_ANNUAL,CBCL Total,13,248,59,59,0.8256333923986732,-0.10113489982627169,0.11511478149652471
2,cbcl,cbcl_scr_syn_totprob_r,POOLED_ANNUAL,CBCL Total,14,248,59,59,1.083137785171374,-0.19922279275098403,0.0851146193617845
2,cbcl,cbcl_scr_syn_totprob_r,POOLED_ANNUAL,CBCL Total,15,249,53,51,1.8524750993540695,-0.058674658486602256,0.10833009351191886
3,cbcl,cbcl_scr_syn_attention_r,POOLED_ANNUAL,CBCL Attention,0,249,53,51,-1.9290582635367455,0.19662309831913022,0.1350265905327887
3,cbcl,cbcl_scr_syn_attention_r,POOLED_ANNUAL,CBCL Attention,1,248,60,59,-1.0192899772390709,0.008181807590471974,0.11771069201216652
3,cbcl,cbcl_scr_syn_attention_r,POOLED_ANNUAL,CBCL Attention,2,248,63,63,-0.7752135637998482,0.18825379672290637,0.14113648997867292
3,cbcl,cbcl_scr_syn_attention_r,POOLED_ANNUAL,CBCL Attention,3,248,69,65,-0.6140094479998048,-0.09800669631481475,0.10183920422794676
3,cbcl,cbcl_scr_syn_attention_r,POOLED_ANNUAL,CBCL Attention,4,248,67,64,-0.48346409927393474,0.03720429169785308,0.11735330437084886
3,cbcl,cbcl_scr_syn_attention_r,POOLED_ANNUAL,CBCL Attention,5,249,65,65,-0.3320941828798554,0.22141099486880167,0.14165528635583696
3,cbcl,cbcl_scr_syn_attention_r,POOLED_ANNUAL,CBCL Attention,6,248,66,66,-0.19628048104741821,0.04224130042038699,0.1326149440724573
3,cbcl,cbcl_scr_syn_attention_r,POOLED_ANNUAL,CBCL Attention,7,248,68,67,-0.05503523445438347,-0.1031831925291683,0.11318825766896136
3,cbcl,cbcl_scr_syn_attention_r,POOLED_ANNUAL,CBCL Attention,8,248,64,64,0.04889159793859608,-0.1457148295633682,0.11065472077348872
3,cbcl,cbcl_scr_syn_attention_r,POOLED_ANNUAL,CBCL Attention,9,248,65,63,0.18910264243806024,0.16198607060354325,0.1524377346178312
3,cbcl,cbcl_scr_syn_attention_r,POOLED_ANNUAL,CBCL Attention,10,249,70,70,0.3201511839273514,-0.10979533432650977,0.12535463071476716
3,cbcl,cbcl_scr_syn_attention_r,POOLED_ANNUAL,CBCL Attention,11,248,67,66,0.4623812787148032,-0.05400171545386588,0.10984294668816849
3,cbcl,cbcl_scr_syn_attention_r,POOLED_ANNUAL,CBCL Attention,12,248,63,63,0.6230292306233433,-0.025336919602128645,0.11779931564713862
3,cbcl,cbcl_scr_syn_attention_r,POOLED_ANNUAL,CBCL Attention,13,248,59,59,0.8256333923986732,-0.13173621758046905,0.1087764506615998
3,cbcl,cbcl_scr_syn_attention_r,POOLED_ANNUAL,CBCL Attention,14,248,59,59,1.083137785171374,-0.0852683804135399,0.09800089922626365
3,cbcl,cbcl_scr_syn_attention_r,POOLED_ANNUAL,CBCL Attention,15,249,53,51,1.8524750993540695,-0.10368289646501642,0.11733477983427076
