source,instrument,reporter,outcome,outcome_label,outcome_short_label,event_key,event_label,covariate_set,cluster_unit,hsdi,hsdi_label,model_variant,beta_std,se_cluster,ci95_low,ci95_high,t_value,p_value,n_observations,n_subjects,n_families,n_events,n_sites,formula,covariates,omitted_redundant_covariates,cluster_column,predictor_standardization,outcome_standardization,includes_race_ethnicity,includes_grouped_family_income,includes_ood_covariates,trim_fraction_each_tail_metric,trim_threshold_abs_hsdi_z,n_removed_tail_subjects,condition_number,design_rank,n_design_columns,q_fdr_family,fdr_family,n_tests_fdr_family,passes_fdr
cognition,Cognition,Participant performance,pea_wiscv_tss,Matrix reasoning,WISC TSS BL,baselineYear1Arm1,baselineYear1Arm1,"age, sex, site, scanner manufacturer, race/ethnicity",participant,HSdevZ_SA_high_expansion,SA high-expansion,COGNITION_RACE_PRIMARY,0.12941762482562194,0.032711895963997,0.06530348687016667,0.1935317627810772,3.956286268703597,7.612393269552065e-05,838,838,838,1,19,outcome_z ~ hsdi_z + age_cov + C(sex) + C(site) + C(race_ethnicity),"age_cov, C(sex), C(site), C(race_ethnicity)",scanner_manufacturer nested within site,family_cluster,once across the 853-subject HSDI cohort,within outcome-event,True,False,False,,,0,31.383810820544156,26,26,0.002131470115474578,cognition primary: 7 outcomes x 4 HSDI (28 tests),28,True
cognition,Cognition,Participant performance,pea_wiscv_tss,Matrix reasoning,WISC TSS BL,baselineYear1Arm1,baselineYear1Arm1,"age, sex, site, scanner manufacturer, race/ethnicity",participant,HSdevZ_SA_low_expansion,SA low-expansion,COGNITION_RACE_PRIMARY,0.050361145762153926,0.03742896702595204,-0.022998281587249335,0.12372057311155718,1.3455125739172853,0.17845976350347803,838,838,838,1,19,outcome_z ~ hsdi_z + age_cov + C(sex) + C(site) + C(race_ethnicity),"age_cov, C(sex), C(site), C(race_ethnicity)",scanner_manufacturer nested within site,family_cluster,once across the 853-subject HSDI cohort,within outcome-event,True,False,False,,,0,31.386152364830075,26,26,0.41640611484144874,cognition primary: 7 outcomes x 4 HSDI (28 tests),28,False
cognition,Cognition,Participant performance,pea_wiscv_tss,Matrix reasoning,WISC TSS BL,baselineYear1Arm1,baselineYear1Arm1,"age, sex, site, scanner manufacturer, race/ethnicity",participant,HSdevZ_CT_high_expansion,CT high-expansion,COGNITION_RACE_PRIMARY,0.02407358163642835,0.03507117819016457,-0.04466466451168084,0.09281182778453755,0.6864206701552898,0.4924478736289243,838,838,838,1,19,outcome_z ~ hsdi_z + age_cov + C(sex) + C(site) + C(race_ethnicity),"age_cov, C(sex), C(site), C(race_ethnicity)",scanner_manufacturer nested within site,family_cluster,once across the 853-subject HSDI cohort,within outcome-event,True,False,False,,,0,31.40273431020511,26,26,0.689427023080494,cognition primary: 7 outcomes x 4 HSDI (28 tests),28,False
cognition,Cognition,Participant performance,pea_wiscv_tss,Matrix reasoning,WISC TSS BL,baselineYear1Arm1,baselineYear1Arm1,"age, sex, site, scanner manufacturer, race/ethnicity",participant,HSdevZ_CT_low_expansion,CT low-expansion,COGNITION_RACE_PRIMARY,0.06707555680535657,0.03503648937471104,-0.0015947005137973425,0.13574581412451048,1.9144485649801144,0.05556286524507758,838,838,838,1,19,outcome_z ~ hsdi_z + age_cov + C(sex) + C(site) + C(race_ethnicity),"age_cov, C(sex), C(site), C(race_ethnicity)",scanner_manufacturer nested within site,family_cluster,once across the 853-subject HSDI cohort,within outcome-event,True,False,False,,,0,31.38311442834289,26,26,0.3535858878883883,cognition primary: 7 outcomes x 4 HSDI (28 tests),28,False
cognition,Cognition,Participant performance,nihtbx_fluidcomp_fc,Fluid cognition,NIH Fluid BL,baselineYear1Arm1,baselineYear1Arm1,"age, sex, site, scanner manufacturer, race/ethnicity",participant,HSdevZ_SA_high_expansion,SA high-expansion,COGNITION_RACE_PRIMARY,0.016661146440078517,0.03934482676658397,-0.06045329700039358,0.09377558988055061,0.42346472991028716,0.6719562264398155,760,760,760,1,19,outcome_z ~ hsdi_z + age_cov + C(sex) + C(site) + C(race_ethnicity),"age_cov, C(sex), C(site), C(race_ethnicity)",scanner_manufacturer nested within site,family_cluster,once across the 853-subject HSDI cohort,within outcome-event,True,False,False,,,0,30.866581170225583,26,26,0.8959416352530872,cognition primary: 7 outcomes x 4 HSDI (28 tests),28,False
cognition,Cognition,Participant performance,nihtbx_fluidcomp_fc,Fluid cognition,NIH Fluid BL,baselineYear1Arm1,baselineYear1Arm1,"age, sex, site, scanner manufacturer, race/ethnicity",participant,HSdevZ_SA_low_expansion,SA low-expansion,COGNITION_RACE_PRIMARY,-0.07193147323733094,0.042215345900738326,-0.15467203079767866,0.010809084323016777,-1.703917656069067,0.08839647197209707,760,760,760,1,19,outcome_z ~ hsdi_z + age_cov + C(sex) + C(site) + C(race_ethnicity),"age_cov, C(sex), C(site), C(race_ethnicity)",scanner_manufacturer nested within site,family_cluster,once across the 853-subject HSDI cohort,within outcome-event,True,False,False,,,0,30.863297703269932,26,26,0.3535858878883883,cognition primary: 7 outcomes x 4 HSDI (28 tests),28,False
cognition,Cognition,Participant performance,nihtbx_fluidcomp_fc,Fluid cognition,NIH Fluid BL,baselineYear1Arm1,baselineYear1Arm1,"age, sex, site, scanner manufacturer, race/ethnicity",participant,HSdevZ_CT_high_expansion,CT high-expansion,COGNITION_RACE_PRIMARY,-0.05113082774943347,0.035486508886190676,-0.12068310710342778,0.018421451604560844,-1.440852576211876,0.1496263363031324,760,760,760,1,19,outcome_z ~ hsdi_z + age_cov + C(sex) + C(site) + C(race_ethnicity),"age_cov, C(sex), C(site), C(race_ethnicity)",scanner_manufacturer nested within site,family_cluster,once across the 853-subject HSDI cohort,within outcome-event,True,False,False,,,0,30.873405029820592,26,26,0.4138641263760816,cognition primary: 7 outcomes x 4 HSDI (28 tests),28,False
cognition,Cognition,Participant performance,nihtbx_fluidcomp_fc,Fluid cognition,NIH Fluid BL,baselineYear1Arm1,baselineYear1Arm1,"age, sex, site, scanner manufacturer, race/ethnicity",participant,HSdevZ_CT_low_expansion,CT low-expansion,COGNITION_RACE_PRIMARY,0.01327130188531651,0.03759033303390266,-0.06040439702799896,0.08694700079863199,0.35305092597469523,0.7240502621982693,760,760,760,1,19,outcome_z ~ hsdi_z + age_cov + C(sex) + C(site) + C(race_ethnicity),"age_cov, C(sex), C(site), C(race_ethnicity)",scanner_manufacturer nested within site,family_cluster,once across the 853-subject HSDI cohort,within outcome-event,True,False,False,,,0,30.863152833272174,26,26,0.92151851552507,cognition primary: 7 outcomes x 4 HSDI (28 tests),28,False
cognition,Cognition,Participant performance,nihtbx_cryst_fc,Crystallized cognition at baseline,NIH Cryst BL,baselineYear1Arm1,baselineYear1Arm1,"age, sex, site, scanner manufacturer, race/ethnicity",participant,HSdevZ_SA_high_expansion,SA high-expansion,COGNITION_RACE_PRIMARY,0.06535785868333416,0.03321229422783219,0.00026295815283554347,0.13045275921383276,1.9678814789182408,0.049081676311896985,766,766,766,1,19,outcome_z ~ hsdi_z + age_cov + C(sex) + C(site) + C(race_ethnicity),"age_cov, C(sex), C(site), C(race_ethnicity)",scanner_manufacturer nested within site,family_cluster,once across the 853-subject HSDI cohort,within outcome-event,True,False,False,,,0,30.979195985505704,26,26,0.3535858878883883,cognition primary: 7 outcomes x 4 HSDI (28 tests),28,False
cognition,Cognition,Participant performance,nihtbx_cryst_fc,Crystallized cognition at baseline,NIH Cryst BL,baselineYear1Arm1,baselineYear1Arm1,"age, sex, site, scanner manufacturer, race/ethnicity",participant,HSdevZ_SA_low_expansion,SA low-expansion,COGNITION_RACE_PRIMARY,-0.043208929723782805,0.03602828851732565,-0.11382307764235906,0.027405218194793454,-1.1993056429256708,0.23040912172288552,766,766,766,1,19,outcome_z ~ hsdi_z + age_cov + C(sex) + C(site) + C(race_ethnicity),"age_cov, C(sex), C(site), C(race_ethnicity)",scanner_manufacturer nested within site,family_cluster,once across the 853-subject HSDI cohort,within outcome-event,True,False,False,,,0,30.97431133742151,26,26,0.46081824344577105,cognition primary: 7 outcomes x 4 HSDI (28 tests),28,False
cognition,Cognition,Participant performance,nihtbx_cryst_fc,Crystallized cognition at baseline,NIH Cryst BL,baselineYear1Arm1,baselineYear1Arm1,"age, sex, site, scanner manufacturer, race/ethnicity",participant,HSdevZ_CT_high_expansion,CT high-expansion,COGNITION_RACE_PRIMARY,-0.025848592711348123,0.03706803531943655,-0.09850060691510244,0.0468034214924062,-0.6973283716980399,0.4855973164432237,766,766,766,1,19,outcome_z ~ hsdi_z + age_cov + C(sex) + C(site) + C(race_ethnicity),"age_cov, C(sex), C(site), C(race_ethnicity)",scanner_manufacturer nested within site,family_cluster,once across the 853-subject HSDI cohort,within outcome-event,True,False,False,,,0,30.983726272015748,26,26,0.689427023080494,cognition primary: 7 outcomes x 4 HSDI (28 tests),28,False
cognition,Cognition,Participant performance,nihtbx_cryst_fc,Crystallized cognition at baseline,NIH Cryst BL,baselineYear1Arm1,baselineYear1Arm1,"age, sex, site, scanner manufacturer, race/ethnicity",participant,HSdevZ_CT_low_expansion,CT low-expansion,COGNITION_RACE_PRIMARY,0.04551500920291323,0.03621591224734815,-0.025466874469152197,0.11649689287497866,1.2567682650668557,0.20883756061903358,766,766,766,1,19,outcome_z ~ hsdi_z + age_cov + C(sex) + C(site) + C(race_ethnicity),"age_cov, C(sex), C(site), C(race_ethnicity)",scanner_manufacturer nested within site,family_cluster,once across the 853-subject HSDI cohort,within outcome-event,True,False,False,,,0,30.977916046086204,26,26,0.44980397671791844,cognition primary: 7 outcomes x 4 HSDI (28 tests),28,False
cognition,Cognition,Participant performance,nihtbx_cryst_fc,Crystallized cognition,NIH Cryst 2Y,2YearFollowUpYArm1,2YearFollowUpYArm1,"age, sex, site, scanner manufacturer, race/ethnicity",participant,HSdevZ_SA_high_expansion,SA high-expansion,COGNITION_RACE_PRIMARY,0.10033975696897351,0.03128442380622707,0.039023413031680984,0.16165610090626603,3.2073391407324303,0.0013396895939000685,823,823,823,1,19,outcome_z ~ hsdi_z + age_cov + C(sex) + C(site) + C(race_ethnicity),"age_cov, C(sex), C(site), C(race_ethnicity)",scanner_manufacturer nested within site,family_cluster,once across the 853-subject HSDI cohort,within outcome-event,True,False,False,,,0,30.769114065871698,26,26,0.01875565431460096,cognition primary: 7 outcomes x 4 HSDI (28 tests),28,True
cognition,Cognition,Participant performance,nihtbx_cryst_fc,Crystallized cognition,NIH Cryst 2Y,2YearFollowUpYArm1,2YearFollowUpYArm1,"age, sex, site, scanner manufacturer, race/ethnicity",participant,HSdevZ_SA_low_expansion,SA low-expansion,COGNITION_RACE_PRIMARY,-0.02878306184365099,0.03335608617363303,-0.09415978940918619,0.0365936657218842,-0.862902850586923,0.3881908832620127,823,823,823,1,19,outcome_z ~ hsdi_z + age_cov + C(sex) + C(site) + C(race_ethnicity),"age_cov, C(sex), C(site), C(race_ethnicity)",scanner_manufacturer nested within site,family_cluster,once across the 853-subject HSDI cohort,within outcome-event,True,False,False,,,0,30.762139382914352,26,26,0.6393732194903738,cognition primary: 7 outcomes x 4 HSDI (28 tests),28,False
cognition,Cognition,Participant performance,nihtbx_cryst_fc,Crystallized cognition,NIH Cryst 2Y,2YearFollowUpYArm1,2YearFollowUpYArm1,"age, sex, site, scanner manufacturer, race/ethnicity",participant,HSdevZ_CT_high_expansion,CT high-expansion,COGNITION_RACE_PRIMARY,-0.007646957435611144,0.03297083882781055,-0.07226861407819464,0.05697469920697236,-0.23193093374260823,0.8165916578731419,823,823,823,1,19,outcome_z ~ hsdi_z + age_cov + C(sex) + C(site) + C(race_ethnicity),"age_cov, C(sex), C(site), C(race_ethnicity)",scanner_manufacturer nested within site,family_cluster,once across the 853-subject HSDI cohort,within outcome-event,True,False,False,,,0,30.7664058626934,26,26,0.9324293220404671,cognition primary: 7 outcomes x 4 HSDI (28 tests),28,False
cognition,Cognition,Participant performance,nihtbx_cryst_fc,Crystallized cognition,NIH Cryst 2Y,2YearFollowUpYArm1,2YearFollowUpYArm1,"age, sex, site, scanner manufacturer, race/ethnicity",participant,HSdevZ_CT_low_expansion,CT low-expansion,COGNITION_RACE_PRIMARY,0.04875071869917685,0.03456661143762553,-0.0189985947861595,0.11650003218451319,1.4103412707128131,0.15843893775451035,823,823,823,1,19,outcome_z ~ hsdi_z + age_cov + C(sex) + C(site) + C(race_ethnicity),"age_cov, C(sex), C(site), C(race_ethnicity)",scanner_manufacturer nested within site,family_cluster,once across the 853-subject HSDI cohort,within outcome-event,True,False,False,,,0,30.76179978336239,26,26,0.4138641263760816,cognition primary: 7 outcomes x 4 HSDI (28 tests),28,False
cognition,Cognition,Participant performance,pea_ravlt_ld_trial_vii_tc,Long-delay recall at baseline,RAVLT LD BL,baselineYear1Arm1,baselineYear1Arm1,"age, sex, site, scanner manufacturer, race/ethnicity",participant,HSdevZ_SA_high_expansion,SA high-expansion,COGNITION_RACE_PRIMARY,-0.062116194581463516,0.035253137525234415,-0.13121107447296046,0.006978685310033428,-1.7620047162327142,0.07806850064575896,842,842,842,1,19,outcome_z ~ hsdi_z + age_cov + C(sex) + C(site) + C(race_ethnicity),"age_cov, C(sex), C(site), C(race_ethnicity)",scanner_manufacturer nested within site,family_cluster,once across the 853-subject HSDI cohort,within outcome-event,True,False,False,,,0,31.128547218158587,26,26,0.3535858878883883,cognition primary: 7 outcomes x 4 HSDI (28 tests),28,False
cognition,Cognition,Participant performance,pea_ravlt_ld_trial_vii_tc,Long-delay recall at baseline,RAVLT LD BL,baselineYear1Arm1,baselineYear1Arm1,"age, sex, site, scanner manufacturer, race/ethnicity",participant,HSdevZ_SA_low_expansion,SA low-expansion,COGNITION_RACE_PRIMARY,-0.06524712501527616,0.03674800613038369,-0.13727189353448532,0.006777643503932992,-1.7755283044140198,0.07581069629095968,842,842,842,1,19,outcome_z ~ hsdi_z + age_cov + C(sex) + C(site) + C(race_ethnicity),"age_cov, C(sex), C(site), C(race_ethnicity)",scanner_manufacturer nested within site,family_cluster,once across the 853-subject HSDI cohort,within outcome-event,True,False,False,,,0,31.135132634465805,26,26,0.3535858878883883,cognition primary: 7 outcomes x 4 HSDI (28 tests),28,False
cognition,Cognition,Participant performance,pea_ravlt_ld_trial_vii_tc,Long-delay recall at baseline,RAVLT LD BL,baselineYear1Arm1,baselineYear1Arm1,"age, sex, site, scanner manufacturer, race/ethnicity",participant,HSdevZ_CT_high_expansion,CT high-expansion,COGNITION_RACE_PRIMARY,-0.03742875380397026,0.035214874409198176,-0.1064486393660999,0.03159113175815938,-1.062867735066913,0.28784193675076164,842,842,842,1,19,outcome_z ~ hsdi_z + age_cov + C(sex) + C(site) + C(race_ethnicity),"age_cov, C(sex), C(site), C(race_ethnicity)",scanner_manufacturer nested within site,family_cluster,once across the 853-subject HSDI cohort,within outcome-event,True,False,False,,,0,31.1406958005394,26,26,0.5037233893138329,cognition primary: 7 outcomes x 4 HSDI (28 tests),28,False
cognition,Cognition,Participant performance,pea_ravlt_ld_trial_vii_tc,Long-delay recall at baseline,RAVLT LD BL,baselineYear1Arm1,baselineYear1Arm1,"age, sex, site, scanner manufacturer, race/ethnicity",participant,HSdevZ_CT_low_expansion,CT low-expansion,COGNITION_RACE_PRIMARY,-0.050772237346658325,0.035649463864679785,-0.12064390258959279,0.01909942789627614,-1.4242075992890777,0.15438638572728047,842,842,842,1,19,outcome_z ~ hsdi_z + age_cov + C(sex) + C(site) + C(race_ethnicity),"age_cov, C(sex), C(site), C(race_ethnicity)",scanner_manufacturer nested within site,family_cluster,once across the 853-subject HSDI cohort,within outcome-event,True,False,False,,,0,31.130867798063576,26,26,0.4138641263760816,cognition primary: 7 outcomes x 4 HSDI (28 tests),28,False
cognition,Cognition,Participant performance,pea_ravlt_ld_trial_vii_tc,Long-delay recall at 2-year follow-up,RAVLT LD 2Y,2YearFollowUpYArm1,2YearFollowUpYArm1,"age, sex, site, scanner manufacturer, race/ethnicity",participant,HSdevZ_SA_high_expansion,SA high-expansion,COGNITION_RACE_PRIMARY,-0.0030994619425720486,0.03524114466226957,-0.07217083625458637,0.06597191236944228,-0.08795009277580146,0.9299163425486386,835,835,835,1,19,outcome_z ~ hsdi_z + age_cov + C(sex) + C(site) + C(race_ethnicity),"age_cov, C(sex), C(site), C(race_ethnicity)",scanner_manufacturer nested within site,family_cluster,once across the 853-subject HSDI cohort,within outcome-event,True,False,False,,,0,36.88395657424005,26,26,0.9583627341395676,cognition primary: 7 outcomes x 4 HSDI (28 tests),28,False
cognition,Cognition,Participant performance,pea_ravlt_ld_trial_vii_tc,Long-delay recall at 2-year follow-up,RAVLT LD 2Y,2YearFollowUpYArm1,2YearFollowUpYArm1,"age, sex, site, scanner manufacturer, race/ethnicity",participant,HSdevZ_SA_low_expansion,SA low-expansion,COGNITION_RACE_PRIMARY,0.007068934071276121,0.033428740503576394,-0.05845019336426896,0.0725880615068212,0.21146277020277945,0.8325261803932743,835,835,835,1,19,outcome_z ~ hsdi_z + age_cov + C(sex) + C(site) + C(race_ethnicity),"age_cov, C(sex), C(site), C(race_ethnicity)",scanner_manufacturer nested within site,family_cluster,once across the 853-subject HSDI cohort,within outcome-event,True,False,False,,,0,36.856610035509604,26,26,0.9324293220404671,cognition primary: 7 outcomes x 4 HSDI (28 tests),28,False
cognition,Cognition,Participant performance,pea_ravlt_ld_trial_vii_tc,Long-delay recall at 2-year follow-up,RAVLT LD 2Y,2YearFollowUpYArm1,2YearFollowUpYArm1,"age, sex, site, scanner manufacturer, race/ethnicity",participant,HSdevZ_CT_high_expansion,CT high-expansion,COGNITION_RACE_PRIMARY,-0.028398514192345355,0.03788750433631905,-0.10265665815563582,0.045859629770945105,-0.7495482927631755,0.4535268027473852,835,835,835,1,19,outcome_z ~ hsdi_z + age_cov + C(sex) + C(site) + C(race_ethnicity),"age_cov, C(sex), C(site), C(race_ethnicity)",scanner_manufacturer nested within site,family_cluster,once across the 853-subject HSDI cohort,within outcome-event,True,False,False,,,0,36.86209039392235,26,26,0.689427023080494,cognition primary: 7 outcomes x 4 HSDI (28 tests),28,False
cognition,Cognition,Participant performance,pea_ravlt_ld_trial_vii_tc,Long-delay recall at 2-year follow-up,RAVLT LD 2Y,2YearFollowUpYArm1,2YearFollowUpYArm1,"age, sex, site, scanner manufacturer, race/ethnicity",participant,HSdevZ_CT_low_expansion,CT low-expansion,COGNITION_RACE_PRIMARY,-0.051882566971818166,0.03715411019918858,-0.12470328483986007,0.020938150896223744,-1.3964152739405733,0.1625894782191749,835,835,835,1,19,outcome_z ~ hsdi_z + age_cov + C(sex) + C(site) + C(race_ethnicity),"age_cov, C(sex), C(site), C(race_ethnicity)",scanner_manufacturer nested within site,family_cluster,once across the 853-subject HSDI cohort,within outcome-event,True,False,False,,,0,36.86444926078328,26,26,0.4138641263760816,cognition primary: 7 outcomes x 4 HSDI (28 tests),28,False
cognition,Cognition,Participant performance,smarte_ss_all_total_corr,Mental arithmetic,SMARTE 3Y,3YearFollowUpYArm1,3YearFollowUpYArm1,"age, sex, site, scanner manufacturer, race/ethnicity",participant,HSdevZ_SA_high_expansion,SA high-expansion,COGNITION_RACE_PRIMARY,0.04398752410188768,0.03801253325656288,-0.03051567204210663,0.11849072024588199,1.1571847581164092,0.24719688359148817,527,527,527,1,19,outcome_z ~ hsdi_z + age_cov + C(sex) + C(site) + C(race_ethnicity),"age_cov, C(sex), C(site), C(race_ethnicity)",scanner_manufacturer nested within site,family_cluster,once across the 853-subject HSDI cohort,within outcome-event,True,False,False,,,0,33.4927026266837,26,26,0.46143418270411124,cognition primary: 7 outcomes x 4 HSDI (28 tests),28,False
cognition,Cognition,Participant performance,smarte_ss_all_total_corr,Mental arithmetic,SMARTE 3Y,3YearFollowUpYArm1,3YearFollowUpYArm1,"age, sex, site, scanner manufacturer, race/ethnicity",participant,HSdevZ_SA_low_expansion,SA low-expansion,COGNITION_RACE_PRIMARY,-0.00945213167593159,0.03163612661530278,-0.07145780045227408,0.0525535371004109,-0.2987765155598877,0.7651105707973332,527,527,527,1,19,outcome_z ~ hsdi_z + age_cov + C(sex) + C(site) + C(race_ethnicity),"age_cov, C(sex), C(site), C(race_ethnicity)",scanner_manufacturer nested within site,family_cluster,once across the 853-subject HSDI cohort,within outcome-event,True,False,False,,,0,33.48014859175239,26,26,0.9314389557532753,cognition primary: 7 outcomes x 4 HSDI (28 tests),28,False
cognition,Cognition,Participant performance,smarte_ss_all_total_corr,Mental arithmetic,SMARTE 3Y,3YearFollowUpYArm1,3YearFollowUpYArm1,"age, sex, site, scanner manufacturer, race/ethnicity",participant,HSdevZ_CT_high_expansion,CT high-expansion,COGNITION_RACE_PRIMARY,0.0019757866564406174,0.03784431500780626,-0.0721977077784483,0.07614928109132954,0.05220828164106197,0.9583627341395676,527,527,527,1,19,outcome_z ~ hsdi_z + age_cov + C(sex) + C(site) + C(race_ethnicity),"age_cov, C(sex), C(site), C(race_ethnicity)",scanner_manufacturer nested within site,family_cluster,once across the 853-subject HSDI cohort,within outcome-event,True,False,False,,,0,33.421052182433215,26,26,0.9583627341395676,cognition primary: 7 outcomes x 4 HSDI (28 tests),28,False
cognition,Cognition,Participant performance,smarte_ss_all_total_corr,Mental arithmetic,SMARTE 3Y,3YearFollowUpYArm1,3YearFollowUpYArm1,"age, sex, site, scanner manufacturer, race/ethnicity",participant,HSdevZ_CT_low_expansion,CT low-expansion,COGNITION_RACE_PRIMARY,0.006223821069646904,0.04091395846034204,-0.07396606397759134,0.08641370611688515,0.15211974846383203,0.8790924884511461,527,527,527,1,19,outcome_z ~ hsdi_z + age_cov + C(sex) + C(site) + C(race_ethnicity),"age_cov, C(sex), C(site), C(race_ethnicity)",scanner_manufacturer nested within site,family_cluster,once across the 853-subject HSDI cohort,within outcome-event,True,False,False,,,0,33.437368910261185,26,26,0.9467149875627726,cognition primary: 7 outcomes x 4 HSDI (28 tests),28,False
