source,instrument,reporter,outcome,outcome_label,outcome_short_label,event_key,event_label,covariate_set,cluster_unit,hsdi,hsdi_label,model_variant,beta_std,se_cluster,ci95_low,ci95_high,t_value,p_value,n_observations,n_subjects,n_families,n_events,n_sites,formula,covariates,omitted_redundant_covariates,cluster_column,predictor_standardization,outcome_standardization,includes_race_ethnicity,includes_grouped_family_income,includes_ood_covariates,trim_fraction_each_tail_metric,trim_threshold_abs_hsdi_z,n_removed_tail_subjects,condition_number,design_rank,n_design_columns,q_fdr_family,n_tests_fdr_family,fdr_family,passes_fdr
cbcl,CBCL,Parent,cbcl_scr_syn_totprob_r,CBCL total problems,CBCL Total,POOLED_ANNUAL,Pooled annual visits,"within-event age, event, sex, site, scanner manufacturer, race/ethnicity, grouped family income",baseline family ID; participant fallback,HSdevZ_SA_high_expansion,SA high-expansion,CBCL_RACE_INCOME_PRIMARY,-0.07979110810611517,0.027555039784572348,-0.1337979936764453,-0.025784222535785037,-2.8956992524753677,0.003783147742880137,3972,797,719,5,19,outcome_z ~ hsdi_z + age_cov + C(event_key) + C(sex) + C(site) + C(scanner_manufacturer) + C(race_ethnicity) + C(family_income_grouped),"age_cov, C(event_key), C(sex), C(site), C(scanner_manufacturer), C(race_ethnicity), C(family_income_grouped)",,family_cluster,once across the 853-subject HSDI cohort,within annual visit,True,True,False,,,0,232.57320842455215,35,35,0.04288261870998591,16,CBCL primary: 4 outcomes x 4 HSDI (16 tests),True
cbcl,CBCL,Parent,cbcl_scr_syn_totprob_r,CBCL total problems,CBCL Total,POOLED_ANNUAL,Pooled annual visits,"within-event age, event, sex, site, scanner manufacturer, race/ethnicity, grouped family income",baseline family ID; participant fallback,HSdevZ_SA_low_expansion,SA low-expansion,CBCL_RACE_INCOME_PRIMARY,-0.031158135014007042,0.02978788091289657,-0.08954130877905242,0.027225038751038343,-1.0460003887190654,0.29556085292025613,3972,797,719,5,19,outcome_z ~ hsdi_z + age_cov + C(event_key) + C(sex) + C(site) + C(scanner_manufacturer) + C(race_ethnicity) + C(family_income_grouped),"age_cov, C(event_key), C(sex), C(site), C(scanner_manufacturer), C(race_ethnicity), C(family_income_grouped)",,family_cluster,once across the 853-subject HSDI cohort,within annual visit,True,True,False,,,0,232.58864535337986,35,35,0.6755676638177283,16,CBCL primary: 4 outcomes x 4 HSDI (16 tests),False
cbcl,CBCL,Parent,cbcl_scr_syn_totprob_r,CBCL total problems,CBCL Total,POOLED_ANNUAL,Pooled annual visits,"within-event age, event, sex, site, scanner manufacturer, race/ethnicity, grouped family income",baseline family ID; participant fallback,HSdevZ_CT_high_expansion,CT high-expansion,CBCL_RACE_INCOME_PRIMARY,-0.017745017808873456,0.028825283034310104,-0.07424153440029471,0.03875149878254779,-0.6156060215523972,0.5381545761022171,3972,797,719,5,19,outcome_z ~ hsdi_z + age_cov + C(event_key) + C(sex) + C(site) + C(scanner_manufacturer) + C(race_ethnicity) + C(family_income_grouped),"age_cov, C(event_key), C(sex), C(site), C(scanner_manufacturer), C(race_ethnicity), C(family_income_grouped)",,family_cluster,once across the 853-subject HSDI cohort,within annual visit,True,True,False,,,0,232.50364053516586,35,35,0.8610473217635473,16,CBCL primary: 4 outcomes x 4 HSDI (16 tests),False
cbcl,CBCL,Parent,cbcl_scr_syn_totprob_r,CBCL total problems,CBCL Total,POOLED_ANNUAL,Pooled annual visits,"within-event age, event, sex, site, scanner manufacturer, race/ethnicity, grouped family income",baseline family ID; participant fallback,HSdevZ_CT_low_expansion,CT low-expansion,CBCL_RACE_INCOME_PRIMARY,-0.003972868529780525,0.02991241389690246,-0.06260012245836476,0.05465438539880371,-0.13281671427366581,0.8943383353928993,3972,797,719,5,19,outcome_z ~ hsdi_z + age_cov + C(event_key) + C(sex) + C(site) + C(scanner_manufacturer) + C(race_ethnicity) + C(family_income_grouped),"age_cov, C(event_key), C(sex), C(site), C(scanner_manufacturer), C(race_ethnicity), C(family_income_grouped)",,family_cluster,once across the 853-subject HSDI cohort,within annual visit,True,True,False,,,0,232.50949380395107,35,35,0.9756064979560014,16,CBCL primary: 4 outcomes x 4 HSDI (16 tests),False
cbcl,CBCL,Parent,cbcl_scr_syn_internal_r,CBCL internalizing problems,CBCL Internalizing,POOLED_ANNUAL,Pooled annual visits,"within-event age, event, sex, site, scanner manufacturer, race/ethnicity, grouped family income",baseline family ID; participant fallback,HSdevZ_SA_high_expansion,SA high-expansion,CBCL_RACE_INCOME_PRIMARY,-0.05655981088530565,0.025622225251597904,-0.10677844958221028,-0.00634117218840103,-2.2074511612444105,0.02728255545004432,3972,797,719,5,19,outcome_z ~ hsdi_z + age_cov + C(event_key) + C(sex) + C(site) + C(scanner_manufacturer) + C(race_ethnicity) + C(family_income_grouped),"age_cov, C(event_key), C(sex), C(site), C(scanner_manufacturer), C(race_ethnicity), C(family_income_grouped)",,family_cluster,once across the 853-subject HSDI cohort,within annual visit,True,True,False,,,0,232.57320842455215,35,35,0.10913022180017729,16,CBCL primary: 4 outcomes x 4 HSDI (16 tests),False
cbcl,CBCL,Parent,cbcl_scr_syn_internal_r,CBCL internalizing problems,CBCL Internalizing,POOLED_ANNUAL,Pooled annual visits,"within-event age, event, sex, site, scanner manufacturer, race/ethnicity, grouped family income",baseline family ID; participant fallback,HSdevZ_SA_low_expansion,SA low-expansion,CBCL_RACE_INCOME_PRIMARY,-0.043127735291382724,0.024597824669728183,-0.09133858574208081,0.005083115159315366,-1.7533150134393287,0.0795479498490153,3972,797,719,5,19,outcome_z ~ hsdi_z + age_cov + C(event_key) + C(sex) + C(site) + C(scanner_manufacturer) + C(race_ethnicity) + C(family_income_grouped),"age_cov, C(event_key), C(sex), C(site), C(scanner_manufacturer), C(race_ethnicity), C(family_income_grouped)",,family_cluster,once across the 853-subject HSDI cohort,within annual visit,True,True,False,,,0,232.58864535337986,35,35,0.2121278662640408,16,CBCL primary: 4 outcomes x 4 HSDI (16 tests),False
cbcl,CBCL,Parent,cbcl_scr_syn_internal_r,CBCL internalizing problems,CBCL Internalizing,POOLED_ANNUAL,Pooled annual visits,"within-event age, event, sex, site, scanner manufacturer, race/ethnicity, grouped family income",baseline family ID; participant fallback,HSdevZ_CT_high_expansion,CT high-expansion,CBCL_RACE_INCOME_PRIMARY,-0.0008346054686224338,0.027294771398889695,-0.05433137437670019,0.05266216343945532,-0.030577485204964353,0.9756064979560014,3972,797,719,5,19,outcome_z ~ hsdi_z + age_cov + C(event_key) + C(sex) + C(site) + C(scanner_manufacturer) + C(race_ethnicity) + C(family_income_grouped),"age_cov, C(event_key), C(sex), C(site), C(scanner_manufacturer), C(race_ethnicity), C(family_income_grouped)",,family_cluster,once across the 853-subject HSDI cohort,within annual visit,True,True,False,,,0,232.50364053516586,35,35,0.9756064979560014,16,CBCL primary: 4 outcomes x 4 HSDI (16 tests),False
cbcl,CBCL,Parent,cbcl_scr_syn_internal_r,CBCL internalizing problems,CBCL Internalizing,POOLED_ANNUAL,Pooled annual visits,"within-event age, event, sex, site, scanner manufacturer, race/ethnicity, grouped family income",baseline family ID; participant fallback,HSdevZ_CT_low_expansion,CT low-expansion,CBCL_RACE_INCOME_PRIMARY,0.008463675097433909,0.026540874017854137,-0.043555482095775075,0.0604828322906429,0.31889210173487,0.7498083337995489,3972,797,719,5,19,outcome_z ~ hsdi_z + age_cov + C(event_key) + C(sex) + C(site) + C(scanner_manufacturer) + C(race_ethnicity) + C(family_income_grouped),"age_cov, C(event_key), C(sex), C(site), C(scanner_manufacturer), C(race_ethnicity), C(family_income_grouped)",,family_cluster,once across the 853-subject HSDI cohort,within annual visit,True,True,False,,,0,232.50949380395107,35,35,0.9756064979560014,16,CBCL primary: 4 outcomes x 4 HSDI (16 tests),False
cbcl,CBCL,Parent,cbcl_scr_syn_external_r,CBCL externalizing problems,CBCL Externalizing,POOLED_ANNUAL,Pooled annual visits,"within-event age, event, sex, site, scanner manufacturer, race/ethnicity, grouped family income",baseline family ID; participant fallback,HSdevZ_SA_high_expansion,SA high-expansion,CBCL_RACE_INCOME_PRIMARY,-0.06398530648069585,0.02733116066301149,-0.11755339703587624,-0.010417215925515463,-2.341111937016641,0.01922640171809971,3972,797,719,5,19,outcome_z ~ hsdi_z + age_cov + C(event_key) + C(sex) + C(site) + C(scanner_manufacturer) + C(race_ethnicity) + C(family_income_grouped),"age_cov, C(event_key), C(sex), C(site), C(scanner_manufacturer), C(race_ethnicity), C(family_income_grouped)",,family_cluster,once across the 853-subject HSDI cohort,within annual visit,True,True,False,,,0,232.57320842455215,35,35,0.10254080916319845,16,CBCL primary: 4 outcomes x 4 HSDI (16 tests),False
cbcl,CBCL,Parent,cbcl_scr_syn_external_r,CBCL externalizing problems,CBCL Externalizing,POOLED_ANNUAL,Pooled annual visits,"within-event age, event, sex, site, scanner manufacturer, race/ethnicity, grouped family income",baseline family ID; participant fallback,HSdevZ_SA_low_expansion,SA low-expansion,CBCL_RACE_INCOME_PRIMARY,-0.00413743924193133,0.02882024740951413,-0.060624086190112815,0.05234920770625016,-0.14356015696678162,0.8858478048005609,3972,797,719,5,19,outcome_z ~ hsdi_z + age_cov + C(event_key) + C(sex) + C(site) + C(scanner_manufacturer) + C(race_ethnicity) + C(family_income_grouped),"age_cov, C(event_key), C(sex), C(site), C(scanner_manufacturer), C(race_ethnicity), C(family_income_grouped)",,family_cluster,once across the 853-subject HSDI cohort,within annual visit,True,True,False,,,0,232.58864535337986,35,35,0.9756064979560014,16,CBCL primary: 4 outcomes x 4 HSDI (16 tests),False
cbcl,CBCL,Parent,cbcl_scr_syn_external_r,CBCL externalizing problems,CBCL Externalizing,POOLED_ANNUAL,Pooled annual visits,"within-event age, event, sex, site, scanner manufacturer, race/ethnicity, grouped family income",baseline family ID; participant fallback,HSdevZ_CT_high_expansion,CT high-expansion,CBCL_RACE_INCOME_PRIMARY,-0.0017078388410432066,0.028227858992582896,-0.057033425827180774,0.05361774814509437,-0.060501890755935664,0.9517559100050234,3972,797,719,5,19,outcome_z ~ hsdi_z + age_cov + C(event_key) + C(sex) + C(site) + C(scanner_manufacturer) + C(race_ethnicity) + C(family_income_grouped),"age_cov, C(event_key), C(sex), C(site), C(scanner_manufacturer), C(race_ethnicity), C(family_income_grouped)",,family_cluster,once across the 853-subject HSDI cohort,within annual visit,True,True,False,,,0,232.50364053516586,35,35,0.9756064979560014,16,CBCL primary: 4 outcomes x 4 HSDI (16 tests),False
cbcl,CBCL,Parent,cbcl_scr_syn_external_r,CBCL externalizing problems,CBCL Externalizing,POOLED_ANNUAL,Pooled annual visits,"within-event age, event, sex, site, scanner manufacturer, race/ethnicity, grouped family income",baseline family ID; participant fallback,HSdevZ_CT_low_expansion,CT low-expansion,CBCL_RACE_INCOME_PRIMARY,0.00238105164589521,0.031237284527104267,-0.05884290100205945,0.06360500429384987,0.07622466811509164,0.9392403574604253,3972,797,719,5,19,outcome_z ~ hsdi_z + age_cov + C(event_key) + C(sex) + C(site) + C(scanner_manufacturer) + C(race_ethnicity) + C(family_income_grouped),"age_cov, C(event_key), C(sex), C(site), C(scanner_manufacturer), C(race_ethnicity), C(family_income_grouped)",,family_cluster,once across the 853-subject HSDI cohort,within annual visit,True,True,False,,,0,232.50949380395107,35,35,0.9756064979560014,16,CBCL primary: 4 outcomes x 4 HSDI (16 tests),False
cbcl,CBCL,Parent,cbcl_scr_syn_attention_r,CBCL attention problems,CBCL Attention,POOLED_ANNUAL,Pooled annual visits,"within-event age, event, sex, site, scanner manufacturer, race/ethnicity, grouped family income",baseline family ID; participant fallback,HSdevZ_SA_high_expansion,SA high-expansion,CBCL_RACE_INCOME_PRIMARY,-0.07658959983452504,0.027505271012829416,-0.13049894040468424,-0.02268025926436585,-2.784542635438894,0.0053603273387482385,3972,797,719,5,19,outcome_z ~ hsdi_z + age_cov + C(event_key) + C(sex) + C(site) + C(scanner_manufacturer) + C(race_ethnicity) + C(family_income_grouped),"age_cov, C(event_key), C(sex), C(site), C(scanner_manufacturer), C(race_ethnicity), C(family_income_grouped)",,family_cluster,once across the 853-subject HSDI cohort,within annual visit,True,True,False,,,0,232.57320842455215,35,35,0.04288261870998591,16,CBCL primary: 4 outcomes x 4 HSDI (16 tests),True
cbcl,CBCL,Parent,cbcl_scr_syn_attention_r,CBCL attention problems,CBCL Attention,POOLED_ANNUAL,Pooled annual visits,"within-event age, event, sex, site, scanner manufacturer, race/ethnicity, grouped family income",baseline family ID; participant fallback,HSdevZ_SA_low_expansion,SA low-expansion,CBCL_RACE_INCOME_PRIMARY,-0.02190953139087388,0.03156961921617978,-0.08378484806022987,0.0399657852784821,-0.6940068310879405,0.48767792498440743,3972,797,719,5,19,outcome_z ~ hsdi_z + age_cov + C(event_key) + C(sex) + C(site) + C(scanner_manufacturer) + C(race_ethnicity) + C(family_income_grouped),"age_cov, C(event_key), C(sex), C(site), C(scanner_manufacturer), C(race_ethnicity), C(family_income_grouped)",,family_cluster,once across the 853-subject HSDI cohort,within annual visit,True,True,False,,,0,232.58864535337986,35,35,0.8610473217635473,16,CBCL primary: 4 outcomes x 4 HSDI (16 tests),False
cbcl,CBCL,Parent,cbcl_scr_syn_attention_r,CBCL attention problems,CBCL Attention,POOLED_ANNUAL,Pooled annual visits,"within-event age, event, sex, site, scanner manufacturer, race/ethnicity, grouped family income",baseline family ID; participant fallback,HSdevZ_CT_high_expansion,CT high-expansion,CBCL_RACE_INCOME_PRIMARY,-0.05103301966111227,0.028991430284293518,-0.10785517887863139,0.00578913955640685,-1.760279474336941,0.07836043259284234,3972,797,719,5,19,outcome_z ~ hsdi_z + age_cov + C(event_key) + C(sex) + C(site) + C(scanner_manufacturer) + C(race_ethnicity) + C(family_income_grouped),"age_cov, C(event_key), C(sex), C(site), C(scanner_manufacturer), C(race_ethnicity), C(family_income_grouped)",,family_cluster,once across the 853-subject HSDI cohort,within annual visit,True,True,False,,,0,232.50364053516586,35,35,0.2121278662640408,16,CBCL primary: 4 outcomes x 4 HSDI (16 tests),False
cbcl,CBCL,Parent,cbcl_scr_syn_attention_r,CBCL attention problems,CBCL Attention,POOLED_ANNUAL,Pooled annual visits,"within-event age, event, sex, site, scanner manufacturer, race/ethnicity, grouped family income",baseline family ID; participant fallback,HSdevZ_CT_low_expansion,CT low-expansion,CBCL_RACE_INCOME_PRIMARY,-0.027752727491891255,0.03130314881040075,-0.08910577176297456,0.03360031677919205,-0.8865794192138959,0.37530537835216515,3972,797,719,5,19,outcome_z ~ hsdi_z + age_cov + C(event_key) + C(sex) + C(site) + C(scanner_manufacturer) + C(race_ethnicity) + C(family_income_grouped),"age_cov, C(event_key), C(sex), C(site), C(scanner_manufacturer), C(race_ethnicity), C(family_income_grouped)",,family_cluster,once across the 853-subject HSDI cohort,within annual visit,True,True,False,,,0,232.50949380395107,35,35,0.7506107567043303,16,CBCL primary: 4 outcomes x 4 HSDI (16 tests),False
