source,instrument,reporter,outcome,outcome_label,outcome_short_label,event_key,event_label,covariate_set,cluster_unit,relationship_short_label,relationship_order,hsdi_order,hsdi,hsdi_label,model_variant,beta_std,se_cluster,ci95_low,ci95_high,t_value,p_value,n_observations,n_subjects,n_families,formula,hsdi_corr_condition_number,hsdi_vif,includes_race_ethnicity,includes_grouped_family_income,q_fdr_joint16,holm_p_sahigh4
cognition,Cognition,Participant performance,pea_wiscv_tss,Matrix reasoning,WISC TSS BL,baselineYear1Arm1,baselineYear1Arm1,"age, sex, site, scanner manufacturer, race/ethnicity",participant,WISC BL,0,0,HSdevZ_SA_high_expansion,SA high-expansion,JOINT_HSDI_PRIMARY,0.12361434187600073,0.042015141858641976,0.04126617702772119,0.2059625067242803,2.9421379152281704,0.0032595472394259875,838,838,838,outcome_z ~ z_HSdevZ_SA_high_expansion + z_HSdevZ_SA_low_expansion + z_HSdevZ_CT_high_expansion + z_HSdevZ_CT_low_expansion + age_cov + C(sex) + C(site) + C(race_ethnicity),6.116757675244096,1.5894007378436728,True,False,0.0260763779154079,0.009778641718277963
cognition,Cognition,Participant performance,pea_wiscv_tss,Matrix reasoning,WISC TSS BL,baselineYear1Arm1,baselineYear1Arm1,"age, sex, site, scanner manufacturer, race/ethnicity",participant,WISC BL,0,1,HSdevZ_SA_low_expansion,SA low-expansion,JOINT_HSDI_PRIMARY,-0.0077278062838082515,0.04619789796863084,-0.09827402246378081,0.08281840989616432,-0.16727614509767444,0.8671527731234376,838,838,838,outcome_z ~ z_HSdevZ_SA_high_expansion + z_HSdevZ_SA_low_expansion + z_HSdevZ_CT_high_expansion + z_HSdevZ_CT_low_expansion + age_cov + C(sex) + C(site) + C(race_ethnicity),6.116757675244096,1.4124560991308226,True,False,0.8671527731234376,
cognition,Cognition,Participant performance,pea_wiscv_tss,Matrix reasoning,WISC TSS BL,baselineYear1Arm1,baselineYear1Arm1,"age, sex, site, scanner manufacturer, race/ethnicity",participant,WISC BL,0,2,HSdevZ_CT_high_expansion,CT high-expansion,JOINT_HSDI_PRIMARY,-0.008512049993554552,0.03950321848075513,-0.08593693548925167,0.06891283550214257,-0.2154773793355948,0.8293951465200876,838,838,838,outcome_z ~ z_HSdevZ_SA_high_expansion + z_HSdevZ_SA_low_expansion + z_HSdevZ_CT_high_expansion + z_HSdevZ_CT_low_expansion + age_cov + C(sex) + C(site) + C(race_ethnicity),6.116757675244096,1.4711119081910842,True,False,0.8671527731234376,
cognition,Cognition,Participant performance,pea_wiscv_tss,Matrix reasoning,WISC TSS BL,baselineYear1Arm1,baselineYear1Arm1,"age, sex, site, scanner manufacturer, race/ethnicity",participant,WISC BL,0,3,HSdevZ_CT_low_expansion,CT low-expansion,JOINT_HSDI_PRIMARY,0.026626988415214957,0.0450837572043461,-0.06173555199305159,0.11498952882348151,0.5906115653698911,0.5547807139254693,838,838,838,outcome_z ~ z_HSdevZ_SA_high_expansion + z_HSdevZ_SA_low_expansion + z_HSdevZ_CT_high_expansion + z_HSdevZ_CT_low_expansion + age_cov + C(sex) + C(site) + C(race_ethnicity),6.116757675244096,1.7018425855859056,True,False,0.7397076185672925,
cognition,Cognition,Participant performance,nihtbx_cryst_fc,Crystallized cognition,NIH Cryst 2Y,2YearFollowUpYArm1,2YearFollowUpYArm1,"age, sex, site, scanner manufacturer, race/ethnicity",participant,NIH Cryst 2Y,1,0,HSdevZ_SA_high_expansion,SA high-expansion,JOINT_HSDI_PRIMARY,0.14901012508254163,0.04237885265602415,0.06594910017060468,0.2320711499944786,3.5161434475824547,0.0004378643410291823,823,823,823,outcome_z ~ z_HSdevZ_SA_high_expansion + z_HSdevZ_SA_low_expansion + z_HSdevZ_CT_high_expansion + z_HSdevZ_CT_low_expansion + age_cov + C(sex) + C(site) + C(race_ethnicity),6.6498302065125126,1.6363530871770184,True,False,0.007005829456466917,0.0017514573641167293
cognition,Cognition,Participant performance,nihtbx_cryst_fc,Crystallized cognition,NIH Cryst 2Y,2YearFollowUpYArm1,2YearFollowUpYArm1,"age, sex, site, scanner manufacturer, race/ethnicity",participant,NIH Cryst 2Y,1,1,HSdevZ_SA_low_expansion,SA low-expansion,JOINT_HSDI_PRIMARY,-0.09668758589218271,0.039714351515737316,-0.17452628453239155,-0.018848887251973867,-2.4345754671046063,0.014909270490516381,823,823,823,outcome_z ~ z_HSdevZ_SA_high_expansion + z_HSdevZ_SA_low_expansion + z_HSdevZ_CT_high_expansion + z_HSdevZ_CT_low_expansion + age_cov + C(sex) + C(site) + C(race_ethnicity),6.6498302065125126,1.4921786137951591,True,False,0.056096106822172365,
cognition,Cognition,Participant performance,nihtbx_cryst_fc,Crystallized cognition,NIH Cryst 2Y,2YearFollowUpYArm1,2YearFollowUpYArm1,"age, sex, site, scanner manufacturer, race/ethnicity",participant,NIH Cryst 2Y,1,2,HSdevZ_CT_high_expansion,CT high-expansion,JOINT_HSDI_PRIMARY,-0.018968361923606257,0.040005793329976655,-0.09737827602331323,0.059441552176100705,-0.4741403767987052,0.6353998074338472,823,823,823,outcome_z ~ z_HSdevZ_SA_high_expansion + z_HSdevZ_SA_low_expansion + z_HSdevZ_CT_high_expansion + z_HSdevZ_CT_low_expansion + age_cov + C(sex) + C(site) + C(race_ethnicity),6.6498302065125126,1.5324851045909207,True,False,0.7820305322262734,
cognition,Cognition,Participant performance,nihtbx_cryst_fc,Crystallized cognition,NIH Cryst 2Y,2YearFollowUpYArm1,2YearFollowUpYArm1,"age, sex, site, scanner manufacturer, race/ethnicity",participant,NIH Cryst 2Y,1,3,HSdevZ_CT_low_expansion,CT low-expansion,JOINT_HSDI_PRIMARY,0.008165143441008629,0.0454092375038471,-0.0808353266319572,0.09716561351397446,0.1798123881801995,0.8572998577760689,823,823,823,outcome_z ~ z_HSdevZ_SA_high_expansion + z_HSdevZ_SA_low_expansion + z_HSdevZ_CT_high_expansion + z_HSdevZ_CT_low_expansion + age_cov + C(sex) + C(site) + C(race_ethnicity),6.6498302065125126,1.7326831360613075,True,False,0.8671527731234376,
cbcl,CBCL,Parent,cbcl_scr_syn_totprob_r,CBCL total problems,CBCL Total,POOLED_ANNUAL,Pooled annual visits,"within-event age, event, sex, site, scanner manufacturer, race/ethnicity, grouped family income",baseline family ID; participant fallback,CBCL Total,2,0,HSdevZ_SA_high_expansion,SA high-expansion,JOINT_HSDI_PRIMARY,-0.1042495805360206,0.04188644000577297,-0.1863454943879333,-0.022153666684107884,-2.4888622790968262,0.012815259765376159,3972,797,719,outcome_z ~ z_HSdevZ_SA_high_expansion + z_HSdevZ_SA_low_expansion + z_HSdevZ_CT_high_expansion + z_HSdevZ_CT_low_expansion + age_cov + C(event_key) + C(sex) + C(site) + C(scanner_manufacturer) + C(race_ethnicity) + C(family_income_grouped),6.598203021817463,1.6184879122407492,True,True,0.056096106822172365,0.025630519530752318
cbcl,CBCL,Parent,cbcl_scr_syn_totprob_r,CBCL total problems,CBCL Total,POOLED_ANNUAL,Pooled annual visits,"within-event age, event, sex, site, scanner manufacturer, race/ethnicity, grouped family income",baseline family ID; participant fallback,CBCL Total,2,1,HSdevZ_SA_low_expansion,SA low-expansion,JOINT_HSDI_PRIMARY,0.022940735146780196,0.03860544065383936,-0.052724538142043385,0.09860600843560377,0.5942358061000065,0.5523544073021097,3972,797,719,outcome_z ~ z_HSdevZ_SA_high_expansion + z_HSdevZ_SA_low_expansion + z_HSdevZ_CT_high_expansion + z_HSdevZ_CT_low_expansion + age_cov + C(event_key) + C(sex) + C(site) + C(scanner_manufacturer) + C(race_ethnicity) + C(family_income_grouped),6.598203021817463,1.490544411818838,True,True,0.7397076185672925,
cbcl,CBCL,Parent,cbcl_scr_syn_totprob_r,CBCL total problems,CBCL Total,POOLED_ANNUAL,Pooled annual visits,"within-event age, event, sex, site, scanner manufacturer, race/ethnicity, grouped family income",baseline family ID; participant fallback,CBCL Total,2,2,HSdevZ_CT_high_expansion,CT high-expansion,JOINT_HSDI_PRIMARY,-0.030084624965765618,0.036961001410867125,-0.1025268565635993,0.04235760663206808,-0.8139558945207652,0.4156702183039451,3972,797,719,outcome_z ~ z_HSdevZ_SA_high_expansion + z_HSdevZ_SA_low_expansion + z_HSdevZ_CT_high_expansion + z_HSdevZ_CT_low_expansion + age_cov + C(event_key) + C(sex) + C(site) + C(scanner_manufacturer) + C(race_ethnicity) + C(family_income_grouped),6.598203021817463,1.5422543133298885,True,True,0.6650723492863122,
cbcl,CBCL,Parent,cbcl_scr_syn_totprob_r,CBCL total problems,CBCL Total,POOLED_ANNUAL,Pooled annual visits,"within-event age, event, sex, site, scanner manufacturer, race/ethnicity, grouped family income",baseline family ID; participant fallback,CBCL Total,2,3,HSdevZ_CT_low_expansion,CT low-expansion,JOINT_HSDI_PRIMARY,0.050630745658616826,0.04313584892161358,-0.033913964670306725,0.13517545598754038,1.173750996546352,0.24049477727348323,3972,797,719,outcome_z ~ z_HSdevZ_SA_high_expansion + z_HSdevZ_SA_low_expansion + z_HSdevZ_CT_high_expansion + z_HSdevZ_CT_low_expansion + age_cov + C(event_key) + C(sex) + C(site) + C(scanner_manufacturer) + C(race_ethnicity) + C(family_income_grouped),6.598203021817463,1.7160947649091438,True,True,0.5497023480536759,
cbcl,CBCL,Parent,cbcl_scr_syn_attention_r,CBCL attention problems,CBCL Attention,POOLED_ANNUAL,Pooled annual visits,"within-event age, event, sex, site, scanner manufacturer, race/ethnicity, grouped family income",baseline family ID; participant fallback,CBCL Attention,3,0,HSdevZ_SA_high_expansion,SA high-expansion,JOINT_HSDI_PRIMARY,-0.0981839077102855,0.04133366485257953,-0.17919640217039046,-0.01717141325018054,-2.375398069841322,0.017530033381928864,3972,797,719,outcome_z ~ z_HSdevZ_SA_high_expansion + z_HSdevZ_SA_low_expansion + z_HSdevZ_CT_high_expansion + z_HSdevZ_CT_low_expansion + age_cov + C(event_key) + C(sex) + C(site) + C(scanner_manufacturer) + C(race_ethnicity) + C(family_income_grouped),6.598203021817463,1.6184879122407492,True,True,0.056096106822172365,0.025630519530752318
cbcl,CBCL,Parent,cbcl_scr_syn_attention_r,CBCL attention problems,CBCL Attention,POOLED_ANNUAL,Pooled annual visits,"within-event age, event, sex, site, scanner manufacturer, race/ethnicity, grouped family income",baseline family ID; participant fallback,CBCL Attention,3,1,HSdevZ_SA_low_expansion,SA low-expansion,JOINT_HSDI_PRIMARY,0.03705046344481194,0.04006709789038497,-0.04147960538538338,0.11558053227500727,0.9247104331382848,0.3551165509719154,3972,797,719,outcome_z ~ z_HSdevZ_SA_high_expansion + z_HSdevZ_SA_low_expansion + z_HSdevZ_CT_high_expansion + z_HSdevZ_CT_low_expansion + age_cov + C(event_key) + C(sex) + C(site) + C(scanner_manufacturer) + C(race_ethnicity) + C(family_income_grouped),6.598203021817463,1.490544411818838,True,True,0.6313183128389608,
cbcl,CBCL,Parent,cbcl_scr_syn_attention_r,CBCL attention problems,CBCL Attention,POOLED_ANNUAL,Pooled annual visits,"within-event age, event, sex, site, scanner manufacturer, race/ethnicity, grouped family income",baseline family ID; participant fallback,CBCL Attention,3,2,HSdevZ_CT_high_expansion,CT high-expansion,JOINT_HSDI_PRIMARY,-0.06307480019161105,0.03847343657766014,-0.13848135024531089,0.012331749862088778,-1.6394376432760844,0.10112214731917142,3972,797,719,outcome_z ~ z_HSdevZ_SA_high_expansion + z_HSdevZ_SA_low_expansion + z_HSdevZ_CT_high_expansion + z_HSdevZ_CT_low_expansion + age_cov + C(event_key) + C(sex) + C(site) + C(scanner_manufacturer) + C(race_ethnicity) + C(family_income_grouped),6.598203021817463,1.5422543133298885,True,True,0.26965905951779046,
cbcl,CBCL,Parent,cbcl_scr_syn_attention_r,CBCL attention problems,CBCL Attention,POOLED_ANNUAL,Pooled annual visits,"within-event age, event, sex, site, scanner manufacturer, race/ethnicity, grouped family income",baseline family ID; participant fallback,CBCL Attention,3,3,HSdevZ_CT_low_expansion,CT low-expansion,JOINT_HSDI_PRIMARY,0.04233051504853193,0.04425199193020458,-0.04440179537882616,0.12906282547589001,0.9565787482583099,0.3387799196134339,3972,797,719,outcome_z ~ z_HSdevZ_SA_high_expansion + z_HSdevZ_SA_low_expansion + z_HSdevZ_CT_high_expansion + z_HSdevZ_CT_low_expansion + age_cov + C(event_key) + C(sex) + C(site) + C(scanner_manufacturer) + C(race_ethnicity) + C(family_income_grouped),6.598203021817463,1.7160947649091438,True,True,0.6313183128389608,
