analysis_group,manuscript_role,analysis_stage,event_set,event_key,event_label,instrument,reporter,outcome,outcome_label,hsdi,hsdi_label,model_variant,tested_term,status,reason,n_candidate_observations,n_candidate_subjects,n_complete_case_observations_before_trajectory_rule,n_complete_case_subjects_before_trajectory_rule,n_dropped_missing_observations,n_removed_trajectory_single_visit_subjects,n_removed_trajectory_single_visit_observations,n_observations,n_subjects,n_families,n_events,beta_std,se_cluster,ci95_low,ci95_high,t_value,p_value,pearson_r_diagnostic,spearman_r_diagnostic,diagnostic_correlation_target,raw_outcome_skewness,raw_outcome_zero_fraction,covariates,omitted_redundant_covariates,cluster_unit,outcome_standardization,predictor_standardization,trajectory_min_visits_per_subject,trim_quantile_abs_z,trim_threshold_abs_z,n_removed_tail_subjects,n_removed_tail_observations,wls_weight_method,wls_lambda,wls_weight_min,wls_weight_median,wls_weight_max,condition_number,design_rank,n_design_columns,demographic_covariates,demographic_coding,demographic_missing_data,fdr_scope,fdr_family_global,fdr_family_within_instrument,q_fdr_global,q_fdr_within_instrument,n_tests_fdr_global,n_tests_fdr_within_instrument,sig_fdr_global_0p05,sig_fdr_within_instrument_0p05,analysis_tier,fdr_family_tier,q_fdr_tier,n_tests_fdr_tier,sig_fdr_tier_0p05
supplement_cbcl_validation,supplement_validation,pooled,annual_primary,POOLED_ANNUAL,Pooled annual visits,CBCL,Parent,cbcl_scr_syn_totprob_r,CBCL total problems,HSdevZ_SA_high_expansion,SA high expansion,OLS_RACE_ETHNICITY,hsdi_z,ok,,4251,853,4251,853,0,0,0,4251,853,766,5,-0.07341586280250428,0.026815795529747055,-0.1259738562575987,-0.020857869347409873,-2.7377842555915697,0.006185463913343826,-0.07297330269926676,-0.10224544557082575,unadjusted subject-mean within-event standardized outcome,2.1538239381466133,0.044930604563632084,"age_within_event_z, event_key, sex, site, scanner_manufacturer, race_ethnicity",,baseline family ID; subject fallback,within visit,once across 853-subject HSDI cohort,,,,0,0,,,,,,224.3853545843128,33,33,race_ethnicity,categorical codes defined in Codebook; no equal-spacing assumption,grouped code 0 recoded to missing; complete case,pooled_primary,pooled_primary | OLS_RACE_ETHNICITY,pooled_primary | OLS_RACE_ETHNICITY | CBCL,0.07610556100596107,0.07610556100596107,16,16,0,0,broad_burden_primary,pooled_primary | OLS_RACE_ETHNICITY | broad_burden_primary,0.024741855653375305,4,1
supplement_cbcl_validation,supplement_validation,pooled,annual_primary,POOLED_ANNUAL,Pooled annual visits,CBCL,Parent,cbcl_scr_syn_totprob_r,CBCL total problems,HSdevZ_SA_high_expansion,SA high expansion,OLS_RACE_ETHNICITY_INCOME,hsdi_z,ok,,4251,853,3972,797,279,0,0,3972,797,719,5,-0.07979110810611517,0.027555039784572348,-0.1337979936764453,-0.025784222535785037,-2.8956992524753677,0.003783147742880137,-0.08338111712293628,-0.11322329951301274,unadjusted subject-mean within-event standardized outcome,2.1638954527050416,0.0433031218529708,"age_within_event_z, event_key, sex, site, scanner_manufacturer, race_ethnicity, family_income_grouped",,baseline family ID; subject fallback,within visit,once across 853-subject HSDI cohort,,,,0,0,,,,,,232.57320842455215,35,35,"race_ethnicity, family_income_grouped",categorical codes defined in Codebook; no equal-spacing assumption,grouped code 0 recoded to missing; complete case,pooled_primary,pooled_primary | OLS_RACE_ETHNICITY_INCOME,pooled_primary | OLS_RACE_ETHNICITY_INCOME | CBCL,0.04288261870998591,0.04288261870998591,16,16,1,1,broad_burden_primary,pooled_primary | OLS_RACE_ETHNICITY_INCOME | broad_burden_primary,0.015132590971520548,4,1
supplement_cbcl_validation,supplement_validation,pooled,annual_primary,POOLED_ANNUAL,Pooled annual visits,CBCL,Parent,cbcl_scr_syn_totprob_r,CBCL total problems,HSdevZ_SA_low_expansion,SA low expansion,OLS_RACE_ETHNICITY,hsdi_z,ok,,4251,853,4251,853,0,0,0,4251,853,766,5,-0.03322723162238181,0.02732774299677266,-0.0867886236748229,0.02033416043005929,-1.2158791022846587,0.22403097989697196,-0.029231739580525277,-0.014952806383657225,unadjusted subject-mean within-event standardized outcome,2.1538239381466133,0.044930604563632084,"age_within_event_z, event_key, sex, site, scanner_manufacturer, race_ethnicity",,baseline family ID; subject fallback,within visit,once across 853-subject HSDI cohort,,,,0,0,,,,,,224.47301747071646,33,33,race_ethnicity,categorical codes defined in Codebook; no equal-spacing assumption,grouped code 0 recoded to missing; complete case,pooled_primary,pooled_primary | OLS_RACE_ETHNICITY,pooled_primary | OLS_RACE_ETHNICITY | CBCL,0.5120708111930787,0.5120708111930787,16,16,0,0,broad_burden_primary,pooled_primary | OLS_RACE_ETHNICITY | broad_burden_primary,0.4480619597939439,4,0
supplement_cbcl_validation,supplement_validation,pooled,annual_primary,POOLED_ANNUAL,Pooled annual visits,CBCL,Parent,cbcl_scr_syn_totprob_r,CBCL total problems,HSdevZ_SA_low_expansion,SA low expansion,OLS_RACE_ETHNICITY_INCOME,hsdi_z,ok,,4251,853,3972,797,279,0,0,3972,797,719,5,-0.031158135014007042,0.02978788091289657,-0.08954130877905242,0.027225038751038343,-1.0460003887190654,0.29556085292025613,-0.02995589949670116,-0.018325763419405148,unadjusted subject-mean within-event standardized outcome,2.1638954527050416,0.0433031218529708,"age_within_event_z, event_key, sex, site, scanner_manufacturer, race_ethnicity, family_income_grouped",,baseline family ID; subject fallback,within visit,once across 853-subject HSDI cohort,,,,0,0,,,,,,232.58864535337986,35,35,"race_ethnicity, family_income_grouped",categorical codes defined in Codebook; no equal-spacing assumption,grouped code 0 recoded to missing; complete case,pooled_primary,pooled_primary | OLS_RACE_ETHNICITY_INCOME,pooled_primary | OLS_RACE_ETHNICITY_INCOME | CBCL,0.6755676638177283,0.6755676638177283,16,16,0,0,broad_burden_primary,pooled_primary | OLS_RACE_ETHNICITY_INCOME | broad_burden_primary,0.5911217058405123,4,0
supplement_cbcl_validation,supplement_validation,pooled,annual_primary,POOLED_ANNUAL,Pooled annual visits,CBCL,Parent,cbcl_scr_syn_totprob_r,CBCL total problems,HSdevZ_CT_high_expansion,CT high expansion,OLS_RACE_ETHNICITY,hsdi_z,ok,,4251,853,4251,853,0,0,0,4251,853,766,5,-0.0030891851224616605,0.02736071638376677,-0.05671520382585951,0.05053683358093619,-0.1129058566717386,0.9101051930721814,0.0008934811561178217,-0.018845380130025475,unadjusted subject-mean within-event standardized outcome,2.1538239381466133,0.044930604563632084,"age_within_event_z, event_key, sex, site, scanner_manufacturer, race_ethnicity",,baseline family ID; subject fallback,within visit,once across 853-subject HSDI cohort,,,,0,0,,,,,,224.38508092033595,33,33,race_ethnicity,categorical codes defined in Codebook; no equal-spacing assumption,grouped code 0 recoded to missing; complete case,pooled_primary,pooled_primary | OLS_RACE_ETHNICITY,pooled_primary | OLS_RACE_ETHNICITY | CBCL,0.9101051930721814,0.9101051930721814,16,16,0,0,broad_burden_primary,pooled_primary | OLS_RACE_ETHNICITY | broad_burden_primary,0.9101051930721814,4,0
supplement_cbcl_validation,supplement_validation,pooled,annual_primary,POOLED_ANNUAL,Pooled annual visits,CBCL,Parent,cbcl_scr_syn_totprob_r,CBCL total problems,HSdevZ_CT_high_expansion,CT high expansion,OLS_RACE_ETHNICITY_INCOME,hsdi_z,ok,,4251,853,3972,797,279,0,0,3972,797,719,5,-0.017745017808873456,0.028825283034310104,-0.07424153440029471,0.03875149878254779,-0.6156060215523972,0.5381545761022171,-0.009113272271383675,-0.03225449986035878,unadjusted subject-mean within-event standardized outcome,2.1638954527050416,0.0433031218529708,"age_within_event_z, event_key, sex, site, scanner_manufacturer, race_ethnicity, family_income_grouped",,baseline family ID; subject fallback,within visit,once across 853-subject HSDI cohort,,,,0,0,,,,,,232.50364053516586,35,35,"race_ethnicity, family_income_grouped",categorical codes defined in Codebook; no equal-spacing assumption,grouped code 0 recoded to missing; complete case,pooled_primary,pooled_primary | OLS_RACE_ETHNICITY_INCOME,pooled_primary | OLS_RACE_ETHNICITY_INCOME | CBCL,0.8610473217635473,0.8610473217635473,16,16,0,0,broad_burden_primary,pooled_primary | OLS_RACE_ETHNICITY_INCOME | broad_burden_primary,0.7175394348029561,4,0
supplement_cbcl_validation,supplement_validation,pooled,annual_primary,POOLED_ANNUAL,Pooled annual visits,CBCL,Parent,cbcl_scr_syn_totprob_r,CBCL total problems,HSdevZ_CT_low_expansion,CT low expansion,OLS_RACE_ETHNICITY,hsdi_z,ok,,4251,853,4251,853,0,0,0,4251,853,766,5,0.005634084885420195,0.027475617264830634,-0.04821713540665476,0.059485305177495146,0.20505762731787436,0.8375271014175762,0.001507906680472021,-0.04017883117230513,unadjusted subject-mean within-event standardized outcome,2.1538239381466133,0.044930604563632084,"age_within_event_z, event_key, sex, site, scanner_manufacturer, race_ethnicity",,baseline family ID; subject fallback,within visit,once across 853-subject HSDI cohort,,,,0,0,,,,,,224.39150669885237,33,33,race_ethnicity,categorical codes defined in Codebook; no equal-spacing assumption,grouped code 0 recoded to missing; complete case,pooled_primary,pooled_primary | OLS_RACE_ETHNICITY,pooled_primary | OLS_RACE_ETHNICITY | CBCL,0.9101051930721814,0.9101051930721814,16,16,0,0,broad_burden_primary,pooled_primary | OLS_RACE_ETHNICITY | broad_burden_primary,0.9101051930721814,4,0
supplement_cbcl_validation,supplement_validation,pooled,annual_primary,POOLED_ANNUAL,Pooled annual visits,CBCL,Parent,cbcl_scr_syn_totprob_r,CBCL total problems,HSdevZ_CT_low_expansion,CT low expansion,OLS_RACE_ETHNICITY_INCOME,hsdi_z,ok,,4251,853,3972,797,279,0,0,3972,797,719,5,-0.003972868529780525,0.02991241389690246,-0.06260012245836476,0.05465438539880371,-0.13281671427366581,0.8943383353928993,-0.006577573252867987,-0.05385089038412686,unadjusted subject-mean within-event standardized outcome,2.1638954527050416,0.0433031218529708,"age_within_event_z, event_key, sex, site, scanner_manufacturer, race_ethnicity, family_income_grouped",,baseline family ID; subject fallback,within visit,once across 853-subject HSDI cohort,,,,0,0,,,,,,232.50949380395107,35,35,"race_ethnicity, family_income_grouped",categorical codes defined in Codebook; no equal-spacing assumption,grouped code 0 recoded to missing; complete case,pooled_primary,pooled_primary | OLS_RACE_ETHNICITY_INCOME,pooled_primary | OLS_RACE_ETHNICITY_INCOME | CBCL,0.9756064979560014,0.9756064979560014,16,16,0,0,broad_burden_primary,pooled_primary | OLS_RACE_ETHNICITY_INCOME | broad_burden_primary,0.8943383353928993,4,0
supplement_cbcl_validation,supplement_validation,pooled,annual_primary,POOLED_ANNUAL,Pooled annual visits,CBCL,Parent,cbcl_scr_syn_internal_r,CBCL internalizing problems,HSdevZ_SA_high_expansion,SA high expansion,OLS_RACE_ETHNICITY,hsdi_z,ok,,4251,853,4251,853,0,0,0,4251,853,766,5,-0.04895787760091487,0.02500772235765065,-0.09797211275728723,5.63575554574855e-05,-1.9577103784478445,0.050264006735424895,-0.049943422034702686,-0.059216508575447795,unadjusted subject-mean within-event standardized outcome,2.1011351036582067,0.16466713714420136,"age_within_event_z, event_key, sex, site, scanner_manufacturer, race_ethnicity",,baseline family ID; subject fallback,within visit,once across 853-subject HSDI cohort,,,,0,0,,,,,,224.3853545843128,33,33,race_ethnicity,categorical codes defined in Codebook; no equal-spacing assumption,grouped code 0 recoded to missing; complete case,pooled_primary,pooled_primary | OLS_RACE_ETHNICITY,pooled_primary | OLS_RACE_ETHNICITY | CBCL,0.20105602694169958,0.20105602694169958,16,16,0,0,domain_secondary,pooled_primary | OLS_RACE_ETHNICITY | domain_secondary,0.20105602694169958,12,0
supplement_cbcl_validation,supplement_validation,pooled,annual_primary,POOLED_ANNUAL,Pooled annual visits,CBCL,Parent,cbcl_scr_syn_internal_r,CBCL internalizing problems,HSdevZ_SA_high_expansion,SA high expansion,OLS_RACE_ETHNICITY_INCOME,hsdi_z,ok,,4251,853,3972,797,279,0,0,3972,797,719,5,-0.05655981088530565,0.025622225251597904,-0.10677844958221028,-0.00634117218840103,-2.2074511612444105,0.02728255545004432,-0.06371201322399009,-0.07617270360374125,unadjusted subject-mean within-event standardized outcome,2.0904223956605335,0.16389728096676737,"age_within_event_z, event_key, sex, site, scanner_manufacturer, race_ethnicity, family_income_grouped",,baseline family ID; subject fallback,within visit,once across 853-subject HSDI cohort,,,,0,0,,,,,,232.57320842455215,35,35,"race_ethnicity, family_income_grouped",categorical codes defined in Codebook; no equal-spacing assumption,grouped code 0 recoded to missing; complete case,pooled_primary,pooled_primary | OLS_RACE_ETHNICITY_INCOME,pooled_primary | OLS_RACE_ETHNICITY_INCOME | CBCL,0.10913022180017729,0.10913022180017729,16,16,0,0,domain_secondary,pooled_primary | OLS_RACE_ETHNICITY_INCOME | domain_secondary,0.10913022180017729,12,0
supplement_cbcl_validation,supplement_validation,pooled,annual_primary,POOLED_ANNUAL,Pooled annual visits,CBCL,Parent,cbcl_scr_syn_internal_r,CBCL internalizing problems,HSdevZ_SA_low_expansion,SA low expansion,OLS_RACE_ETHNICITY,hsdi_z,ok,,4251,853,4251,853,0,0,0,4251,853,766,5,-0.03940398501123796,0.022821276808474143,-0.08413286563706647,0.005324895614590555,-1.7266336735640582,0.08423347436773736,-0.04245521581540231,-0.010564734020219933,unadjusted subject-mean within-event standardized outcome,2.1011351036582067,0.16466713714420136,"age_within_event_z, event_key, sex, site, scanner_manufacturer, race_ethnicity",,baseline family ID; subject fallback,within visit,once across 853-subject HSDI cohort,,,,0,0,,,,,,224.47301747071646,33,33,race_ethnicity,categorical codes defined in Codebook; no equal-spacing assumption,grouped code 0 recoded to missing; complete case,pooled_primary,pooled_primary | OLS_RACE_ETHNICITY,pooled_primary | OLS_RACE_ETHNICITY | CBCL,0.26954711797675956,0.26954711797675956,16,16,0,0,domain_secondary,pooled_primary | OLS_RACE_ETHNICITY | domain_secondary,0.2527004231032121,12,0
supplement_cbcl_validation,supplement_validation,pooled,annual_primary,POOLED_ANNUAL,Pooled annual visits,CBCL,Parent,cbcl_scr_syn_internal_r,CBCL internalizing problems,HSdevZ_SA_low_expansion,SA low expansion,OLS_RACE_ETHNICITY_INCOME,hsdi_z,ok,,4251,853,3972,797,279,0,0,3972,797,719,5,-0.043127735291382724,0.024597824669728183,-0.09133858574208081,0.005083115159315366,-1.7533150134393287,0.0795479498490153,-0.051088040537538675,-0.024441982662096753,unadjusted subject-mean within-event standardized outcome,2.0904223956605335,0.16389728096676737,"age_within_event_z, event_key, sex, site, scanner_manufacturer, race_ethnicity, family_income_grouped",,baseline family ID; subject fallback,within visit,once across 853-subject HSDI cohort,,,,0,0,,,,,,232.58864535337986,35,35,"race_ethnicity, family_income_grouped",categorical codes defined in Codebook; no equal-spacing assumption,grouped code 0 recoded to missing; complete case,pooled_primary,pooled_primary | OLS_RACE_ETHNICITY_INCOME,pooled_primary | OLS_RACE_ETHNICITY_INCOME | CBCL,0.2121278662640408,0.2121278662640408,16,16,0,0,domain_secondary,pooled_primary | OLS_RACE_ETHNICITY_INCOME | domain_secondary,0.1909150796376367,12,0
supplement_cbcl_validation,supplement_validation,pooled,annual_primary,POOLED_ANNUAL,Pooled annual visits,CBCL,Parent,cbcl_scr_syn_internal_r,CBCL internalizing problems,HSdevZ_CT_high_expansion,CT high expansion,OLS_RACE_ETHNICITY,hsdi_z,ok,,4251,853,4251,853,0,0,0,4251,853,766,5,0.0044849100001001785,0.0258897719120344,-0.046258110515443936,0.05522793051564429,0.17323095836218813,0.8624698902386381,0.014057788460175968,-0.006160396228586551,unadjusted subject-mean within-event standardized outcome,2.1011351036582067,0.16466713714420136,"age_within_event_z, event_key, sex, site, scanner_manufacturer, race_ethnicity",,baseline family ID; subject fallback,within visit,once across 853-subject HSDI cohort,,,,0,0,,,,,,224.38508092033595,33,33,race_ethnicity,categorical codes defined in Codebook; no equal-spacing assumption,grouped code 0 recoded to missing; complete case,pooled_primary,pooled_primary | OLS_RACE_ETHNICITY,pooled_primary | OLS_RACE_ETHNICITY | CBCL,0.9101051930721814,0.9101051930721814,16,16,0,0,domain_secondary,pooled_primary | OLS_RACE_ETHNICITY | domain_secondary,0.8624698902386381,12,0
supplement_cbcl_validation,supplement_validation,pooled,annual_primary,POOLED_ANNUAL,Pooled annual visits,CBCL,Parent,cbcl_scr_syn_internal_r,CBCL internalizing problems,HSdevZ_CT_high_expansion,CT high expansion,OLS_RACE_ETHNICITY_INCOME,hsdi_z,ok,,4251,853,3972,797,279,0,0,3972,797,719,5,-0.0008346054686224338,0.027294771398889695,-0.05433137437670019,0.05266216343945532,-0.030577485204964353,0.9756064979560014,0.013186958976358637,-0.013199610240631985,unadjusted subject-mean within-event standardized outcome,2.0904223956605335,0.16389728096676737,"age_within_event_z, event_key, sex, site, scanner_manufacturer, race_ethnicity, family_income_grouped",,baseline family ID; subject fallback,within visit,once across 853-subject HSDI cohort,,,,0,0,,,,,,232.50364053516586,35,35,"race_ethnicity, family_income_grouped",categorical codes defined in Codebook; no equal-spacing assumption,grouped code 0 recoded to missing; complete case,pooled_primary,pooled_primary | OLS_RACE_ETHNICITY_INCOME,pooled_primary | OLS_RACE_ETHNICITY_INCOME | CBCL,0.9756064979560014,0.9756064979560014,16,16,0,0,domain_secondary,pooled_primary | OLS_RACE_ETHNICITY_INCOME | domain_secondary,0.9756064979560014,12,0
supplement_cbcl_validation,supplement_validation,pooled,annual_primary,POOLED_ANNUAL,Pooled annual visits,CBCL,Parent,cbcl_scr_syn_internal_r,CBCL internalizing problems,HSdevZ_CT_low_expansion,CT low expansion,OLS_RACE_ETHNICITY,hsdi_z,ok,,4251,853,4251,853,0,0,0,4251,853,766,5,0.012927077984165229,0.024820044269174547,-0.035719314878106645,0.061573470846437106,0.5208321888539142,0.602483677472269,0.010934817700821066,-0.03366609420160869,unadjusted subject-mean within-event standardized outcome,2.1011351036582067,0.16466713714420136,"age_within_event_z, event_key, sex, site, scanner_manufacturer, race_ethnicity",,baseline family ID; subject fallback,within visit,once across 853-subject HSDI cohort,,,,0,0,,,,,,224.39150669885237,33,33,race_ethnicity,categorical codes defined in Codebook; no equal-spacing assumption,grouped code 0 recoded to missing; complete case,pooled_primary,pooled_primary | OLS_RACE_ETHNICITY,pooled_primary | OLS_RACE_ETHNICITY | CBCL,0.9101051930721814,0.9101051930721814,16,16,0,0,domain_secondary,pooled_primary | OLS_RACE_ETHNICITY | domain_secondary,0.8624698902386381,12,0
supplement_cbcl_validation,supplement_validation,pooled,annual_primary,POOLED_ANNUAL,Pooled annual visits,CBCL,Parent,cbcl_scr_syn_internal_r,CBCL internalizing problems,HSdevZ_CT_low_expansion,CT low expansion,OLS_RACE_ETHNICITY_INCOME,hsdi_z,ok,,4251,853,3972,797,279,0,0,3972,797,719,5,0.008463675097433909,0.026540874017854137,-0.043555482095775075,0.0604828322906429,0.31889210173487,0.7498083337995489,0.00642629177672429,-0.050846192710779885,unadjusted subject-mean within-event standardized outcome,2.0904223956605335,0.16389728096676737,"age_within_event_z, event_key, sex, site, scanner_manufacturer, race_ethnicity, family_income_grouped",,baseline family ID; subject fallback,within visit,once across 853-subject HSDI cohort,,,,0,0,,,,,,232.50949380395107,35,35,"race_ethnicity, family_income_grouped",categorical codes defined in Codebook; no equal-spacing assumption,grouped code 0 recoded to missing; complete case,pooled_primary,pooled_primary | OLS_RACE_ETHNICITY_INCOME,pooled_primary | OLS_RACE_ETHNICITY_INCOME | CBCL,0.9756064979560014,0.9756064979560014,16,16,0,0,domain_secondary,pooled_primary | OLS_RACE_ETHNICITY_INCOME | domain_secondary,0.9756064979560014,12,0
supplement_cbcl_validation,supplement_validation,pooled,annual_primary,POOLED_ANNUAL,Pooled annual visits,CBCL,Parent,cbcl_scr_syn_external_r,CBCL externalizing problems,HSdevZ_SA_high_expansion,SA high expansion,OLS_RACE_ETHNICITY,hsdi_z,ok,,4251,853,4251,853,0,0,0,4251,853,766,5,-0.06570825491908272,0.02681532707578329,-0.11826533022127973,-0.013151179616885708,-2.450399159159365,0.014269792688617701,-0.07401042723085792,-0.08769510298381092,unadjusted subject-mean within-event standardized outcome,2.3147881274875868,0.29122559397788755,"age_within_event_z, event_key, sex, site, scanner_manufacturer, race_ethnicity",,baseline family ID; subject fallback,within visit,once across 853-subject HSDI cohort,,,,0,0,,,,,,224.3853545843128,33,33,race_ethnicity,categorical codes defined in Codebook; no equal-spacing assumption,grouped code 0 recoded to missing; complete case,pooled_primary,pooled_primary | OLS_RACE_ETHNICITY,pooled_primary | OLS_RACE_ETHNICITY | CBCL,0.07610556100596107,0.07610556100596107,16,16,0,0,domain_secondary,pooled_primary | OLS_RACE_ETHNICITY | domain_secondary,0.0856187561317062,12,0
supplement_cbcl_validation,supplement_validation,pooled,annual_primary,POOLED_ANNUAL,Pooled annual visits,CBCL,Parent,cbcl_scr_syn_external_r,CBCL externalizing problems,HSdevZ_SA_high_expansion,SA high expansion,OLS_RACE_ETHNICITY_INCOME,hsdi_z,ok,,4251,853,3972,797,279,0,0,3972,797,719,5,-0.06398530648069585,0.02733116066301149,-0.11755339703587624,-0.010417215925515463,-2.341111937016641,0.01922640171809971,-0.07432260529059673,-0.09014987496410981,unadjusted subject-mean within-event standardized outcome,2.348375324752891,0.29154078549848944,"age_within_event_z, event_key, sex, site, scanner_manufacturer, race_ethnicity, family_income_grouped",,baseline family ID; subject fallback,within visit,once across 853-subject HSDI cohort,,,,0,0,,,,,,232.57320842455215,35,35,"race_ethnicity, family_income_grouped",categorical codes defined in Codebook; no equal-spacing assumption,grouped code 0 recoded to missing; complete case,pooled_primary,pooled_primary | OLS_RACE_ETHNICITY_INCOME,pooled_primary | OLS_RACE_ETHNICITY_INCOME | CBCL,0.10254080916319845,0.10254080916319845,16,16,0,0,domain_secondary,pooled_primary | OLS_RACE_ETHNICITY_INCOME | domain_secondary,0.10913022180017729,12,0
supplement_cbcl_validation,supplement_validation,pooled,annual_primary,POOLED_ANNUAL,Pooled annual visits,CBCL,Parent,cbcl_scr_syn_external_r,CBCL externalizing problems,HSdevZ_SA_low_expansion,SA low expansion,OLS_RACE_ETHNICITY,hsdi_z,ok,,4251,853,4251,853,0,0,0,4251,853,766,5,-0.006624862006066532,0.026837295841359708,-0.059224995297578124,0.04597527128544506,-0.2468528142785821,0.805022135082904,-0.005907073481471949,-0.007500136443391287,unadjusted subject-mean within-event standardized outcome,2.3147881274875868,0.29122559397788755,"age_within_event_z, event_key, sex, site, scanner_manufacturer, race_ethnicity",,baseline family ID; subject fallback,within visit,once across 853-subject HSDI cohort,,,,0,0,,,,,,224.47301747071646,33,33,race_ethnicity,categorical codes defined in Codebook; no equal-spacing assumption,grouped code 0 recoded to missing; complete case,pooled_primary,pooled_primary | OLS_RACE_ETHNICITY,pooled_primary | OLS_RACE_ETHNICITY | CBCL,0.9101051930721814,0.9101051930721814,16,16,0,0,domain_secondary,pooled_primary | OLS_RACE_ETHNICITY | domain_secondary,0.8624698902386381,12,0
supplement_cbcl_validation,supplement_validation,pooled,annual_primary,POOLED_ANNUAL,Pooled annual visits,CBCL,Parent,cbcl_scr_syn_external_r,CBCL externalizing problems,HSdevZ_SA_low_expansion,SA low expansion,OLS_RACE_ETHNICITY_INCOME,hsdi_z,ok,,4251,853,3972,797,279,0,0,3972,797,719,5,-0.00413743924193133,0.02882024740951413,-0.060624086190112815,0.05234920770625016,-0.14356015696678162,0.8858478048005609,-0.004033415442507782,-0.012617751250794375,unadjusted subject-mean within-event standardized outcome,2.348375324752891,0.29154078549848944,"age_within_event_z, event_key, sex, site, scanner_manufacturer, race_ethnicity, family_income_grouped",,baseline family ID; subject fallback,within visit,once across 853-subject HSDI cohort,,,,0,0,,,,,,232.58864535337986,35,35,"race_ethnicity, family_income_grouped",categorical codes defined in Codebook; no equal-spacing assumption,grouped code 0 recoded to missing; complete case,pooled_primary,pooled_primary | OLS_RACE_ETHNICITY_INCOME,pooled_primary | OLS_RACE_ETHNICITY_INCOME | CBCL,0.9756064979560014,0.9756064979560014,16,16,0,0,domain_secondary,pooled_primary | OLS_RACE_ETHNICITY_INCOME | domain_secondary,0.9756064979560014,12,0
supplement_cbcl_validation,supplement_validation,pooled,annual_primary,POOLED_ANNUAL,Pooled annual visits,CBCL,Parent,cbcl_scr_syn_external_r,CBCL externalizing problems,HSdevZ_CT_high_expansion,CT high expansion,OLS_RACE_ETHNICITY,hsdi_z,ok,,4251,853,4251,853,0,0,0,4251,853,766,5,0.010712695504843113,0.026906919562704402,-0.04202389777297374,0.06344928878265996,0.39813905415215006,0.69052768783675,0.009118133114613259,0.004869312657140456,unadjusted subject-mean within-event standardized outcome,2.3147881274875868,0.29122559397788755,"age_within_event_z, event_key, sex, site, scanner_manufacturer, race_ethnicity",,baseline family ID; subject fallback,within visit,once across 853-subject HSDI cohort,,,,0,0,,,,,,224.38508092033595,33,33,race_ethnicity,categorical codes defined in Codebook; no equal-spacing assumption,grouped code 0 recoded to missing; complete case,pooled_primary,pooled_primary | OLS_RACE_ETHNICITY,pooled_primary | OLS_RACE_ETHNICITY | CBCL,0.9101051930721814,0.9101051930721814,16,16,0,0,domain_secondary,pooled_primary | OLS_RACE_ETHNICITY | domain_secondary,0.8624698902386381,12,0
supplement_cbcl_validation,supplement_validation,pooled,annual_primary,POOLED_ANNUAL,Pooled annual visits,CBCL,Parent,cbcl_scr_syn_external_r,CBCL externalizing problems,HSdevZ_CT_high_expansion,CT high expansion,OLS_RACE_ETHNICITY_INCOME,hsdi_z,ok,,4251,853,3972,797,279,0,0,3972,797,719,5,-0.0017078388410432066,0.028227858992582896,-0.057033425827180774,0.05361774814509437,-0.060501890755935664,0.9517559100050234,-0.0001465429681819215,-0.0049721015847819065,unadjusted subject-mean within-event standardized outcome,2.348375324752891,0.29154078549848944,"age_within_event_z, event_key, sex, site, scanner_manufacturer, race_ethnicity, family_income_grouped",,baseline family ID; subject fallback,within visit,once across 853-subject HSDI cohort,,,,0,0,,,,,,232.50364053516586,35,35,"race_ethnicity, family_income_grouped",categorical codes defined in Codebook; no equal-spacing assumption,grouped code 0 recoded to missing; complete case,pooled_primary,pooled_primary | OLS_RACE_ETHNICITY_INCOME,pooled_primary | OLS_RACE_ETHNICITY_INCOME | CBCL,0.9756064979560014,0.9756064979560014,16,16,0,0,domain_secondary,pooled_primary | OLS_RACE_ETHNICITY_INCOME | domain_secondary,0.9756064979560014,12,0
supplement_cbcl_validation,supplement_validation,pooled,annual_primary,POOLED_ANNUAL,Pooled annual visits,CBCL,Parent,cbcl_scr_syn_external_r,CBCL externalizing problems,HSdevZ_CT_low_expansion,CT low expansion,OLS_RACE_ETHNICITY,hsdi_z,ok,,4251,853,4251,853,0,0,0,4251,853,766,5,0.007240805691694108,0.02847176043290839,-0.04856281933325887,0.06304443071664709,0.25431534901947966,0.7992519427352246,0.006838553022952243,0.010875359832905345,unadjusted subject-mean within-event standardized outcome,2.3147881274875868,0.29122559397788755,"age_within_event_z, event_key, sex, site, scanner_manufacturer, race_ethnicity",,baseline family ID; subject fallback,within visit,once across 853-subject HSDI cohort,,,,0,0,,,,,,224.39150669885237,33,33,race_ethnicity,categorical codes defined in Codebook; no equal-spacing assumption,grouped code 0 recoded to missing; complete case,pooled_primary,pooled_primary | OLS_RACE_ETHNICITY,pooled_primary | OLS_RACE_ETHNICITY | CBCL,0.9101051930721814,0.9101051930721814,16,16,0,0,domain_secondary,pooled_primary | OLS_RACE_ETHNICITY | domain_secondary,0.8624698902386381,12,0
supplement_cbcl_validation,supplement_validation,pooled,annual_primary,POOLED_ANNUAL,Pooled annual visits,CBCL,Parent,cbcl_scr_syn_external_r,CBCL externalizing problems,HSdevZ_CT_low_expansion,CT low expansion,OLS_RACE_ETHNICITY_INCOME,hsdi_z,ok,,4251,853,3972,797,279,0,0,3972,797,719,5,0.00238105164589521,0.031237284527104267,-0.05884290100205945,0.06360500429384987,0.07622466811509164,0.9392403574604253,0.0037080876756395683,0.004516912776383341,unadjusted subject-mean within-event standardized outcome,2.348375324752891,0.29154078549848944,"age_within_event_z, event_key, sex, site, scanner_manufacturer, race_ethnicity, family_income_grouped",,baseline family ID; subject fallback,within visit,once across 853-subject HSDI cohort,,,,0,0,,,,,,232.50949380395107,35,35,"race_ethnicity, family_income_grouped",categorical codes defined in Codebook; no equal-spacing assumption,grouped code 0 recoded to missing; complete case,pooled_primary,pooled_primary | OLS_RACE_ETHNICITY_INCOME,pooled_primary | OLS_RACE_ETHNICITY_INCOME | CBCL,0.9756064979560014,0.9756064979560014,16,16,0,0,domain_secondary,pooled_primary | OLS_RACE_ETHNICITY_INCOME | domain_secondary,0.9756064979560014,12,0
supplement_cbcl_validation,supplement_validation,pooled,annual_primary,POOLED_ANNUAL,Pooled annual visits,CBCL,Parent,cbcl_scr_syn_attention_r,CBCL attention problems,HSdevZ_SA_high_expansion,SA high expansion,OLS_RACE_ETHNICITY,hsdi_z,ok,,4251,853,4251,853,0,0,0,4251,853,766,5,-0.06563659311592965,0.02647672889921224,-0.11753002818681647,-0.013743158045042822,-2.4790295419719515,0.013174039429604087,-0.06587114664028115,-0.0837601020798281,unadjusted subject-mean within-event standardized outcome,1.7374638431330165,0.35568101623147497,"age_within_event_z, event_key, sex, site, scanner_manufacturer, race_ethnicity",,baseline family ID; subject fallback,within visit,once across 853-subject HSDI cohort,,,,0,0,,,,,,224.3853545843128,33,33,race_ethnicity,categorical codes defined in Codebook; no equal-spacing assumption,grouped code 0 recoded to missing; complete case,pooled_primary,pooled_primary | OLS_RACE_ETHNICITY,pooled_primary | OLS_RACE_ETHNICITY | CBCL,0.07610556100596107,0.07610556100596107,16,16,0,0,domain_secondary,pooled_primary | OLS_RACE_ETHNICITY | domain_secondary,0.0856187561317062,12,0
supplement_cbcl_validation,supplement_validation,pooled,annual_primary,POOLED_ANNUAL,Pooled annual visits,CBCL,Parent,cbcl_scr_syn_attention_r,CBCL attention problems,HSdevZ_SA_high_expansion,SA high expansion,OLS_RACE_ETHNICITY_INCOME,hsdi_z,ok,,4251,853,3972,797,279,0,0,3972,797,719,5,-0.07658959983452504,0.027505271012829416,-0.13049894040468424,-0.02268025926436585,-2.784542635438894,0.0053603273387482385,-0.07659915174469503,-0.08964973677462913,unadjusted subject-mean within-event standardized outcome,1.734172246913923,0.35624370594159116,"age_within_event_z, event_key, sex, site, scanner_manufacturer, race_ethnicity, family_income_grouped",,baseline family ID; subject fallback,within visit,once across 853-subject HSDI cohort,,,,0,0,,,,,,232.57320842455215,35,35,"race_ethnicity, family_income_grouped",categorical codes defined in Codebook; no equal-spacing assumption,grouped code 0 recoded to missing; complete case,pooled_primary,pooled_primary | OLS_RACE_ETHNICITY_INCOME,pooled_primary | OLS_RACE_ETHNICITY_INCOME | CBCL,0.04288261870998591,0.04288261870998591,16,16,1,1,domain_secondary,pooled_primary | OLS_RACE_ETHNICITY_INCOME | domain_secondary,0.06432392806497887,12,0
supplement_cbcl_validation,supplement_validation,pooled,annual_primary,POOLED_ANNUAL,Pooled annual visits,CBCL,Parent,cbcl_scr_syn_attention_r,CBCL attention problems,HSdevZ_SA_low_expansion,SA low expansion,OLS_RACE_ETHNICITY,hsdi_z,ok,,4251,853,4251,853,0,0,0,4251,853,766,5,-0.023143311894038367,0.02967204575627056,-0.08129945292395321,0.035012829135876486,-0.7799702145291926,0.4354084074028697,-0.019513257892766245,-0.0003724858084430862,unadjusted subject-mean within-event standardized outcome,1.7374638431330165,0.35568101623147497,"age_within_event_z, event_key, sex, site, scanner_manufacturer, race_ethnicity",,baseline family ID; subject fallback,within visit,once across 853-subject HSDI cohort,,,,0,0,,,,,,224.47301747071646,33,33,race_ethnicity,categorical codes defined in Codebook; no equal-spacing assumption,grouped code 0 recoded to missing; complete case,pooled_primary,pooled_primary | OLS_RACE_ETHNICITY,pooled_primary | OLS_RACE_ETHNICITY | CBCL,0.8708168148057394,0.8708168148057394,16,16,0,0,domain_secondary,pooled_primary | OLS_RACE_ETHNICITY | domain_secondary,0.8546475073752551,12,0
supplement_cbcl_validation,supplement_validation,pooled,annual_primary,POOLED_ANNUAL,Pooled annual visits,CBCL,Parent,cbcl_scr_syn_attention_r,CBCL attention problems,HSdevZ_SA_low_expansion,SA low expansion,OLS_RACE_ETHNICITY_INCOME,hsdi_z,ok,,4251,853,3972,797,279,0,0,3972,797,719,5,-0.02190953139087388,0.03156961921617978,-0.08378484806022987,0.0399657852784821,-0.6940068310879405,0.48767792498440743,-0.01784050822746461,0.005653486220340011,unadjusted subject-mean within-event standardized outcome,1.734172246913923,0.35624370594159116,"age_within_event_z, event_key, sex, site, scanner_manufacturer, race_ethnicity, family_income_grouped",,baseline family ID; subject fallback,within visit,once across 853-subject HSDI cohort,,,,0,0,,,,,,232.58864535337986,35,35,"race_ethnicity, family_income_grouped",categorical codes defined in Codebook; no equal-spacing assumption,grouped code 0 recoded to missing; complete case,pooled_primary,pooled_primary | OLS_RACE_ETHNICITY_INCOME,pooled_primary | OLS_RACE_ETHNICITY_INCOME | CBCL,0.8610473217635473,0.8610473217635473,16,16,0,0,domain_secondary,pooled_primary | OLS_RACE_ETHNICITY_INCOME | domain_secondary,0.8360192999732698,12,0
supplement_cbcl_validation,supplement_validation,pooled,annual_primary,POOLED_ANNUAL,Pooled annual visits,CBCL,Parent,cbcl_scr_syn_attention_r,CBCL attention problems,HSdevZ_CT_high_expansion,CT high expansion,OLS_RACE_ETHNICITY,hsdi_z,ok,,4251,853,4251,853,0,0,0,4251,853,766,5,-0.034943789728101526,0.02778019579834415,-0.08939197297632699,0.01950439352012394,-1.257866934479431,0.20843988366401733,-0.0389812145942453,-0.02084726451613338,unadjusted subject-mean within-event standardized outcome,1.7374638431330165,0.35568101623147497,"age_within_event_z, event_key, sex, site, scanner_manufacturer, race_ethnicity",,baseline family ID; subject fallback,within visit,once across 853-subject HSDI cohort,,,,0,0,,,,,,224.38508092033595,33,33,race_ethnicity,categorical codes defined in Codebook; no equal-spacing assumption,grouped code 0 recoded to missing; complete case,pooled_primary,pooled_primary | OLS_RACE_ETHNICITY,pooled_primary | OLS_RACE_ETHNICITY | CBCL,0.5120708111930787,0.5120708111930787,16,16,0,0,domain_secondary,pooled_primary | OLS_RACE_ETHNICITY | domain_secondary,0.5002557207936416,12,0
supplement_cbcl_validation,supplement_validation,pooled,annual_primary,POOLED_ANNUAL,Pooled annual visits,CBCL,Parent,cbcl_scr_syn_attention_r,CBCL attention problems,HSdevZ_CT_high_expansion,CT high expansion,OLS_RACE_ETHNICITY_INCOME,hsdi_z,ok,,4251,853,3972,797,279,0,0,3972,797,719,5,-0.05103301966111227,0.028991430284293518,-0.10785517887863139,0.00578913955640685,-1.760279474336941,0.07836043259284234,-0.05356196648464946,-0.03984290255745264,unadjusted subject-mean within-event standardized outcome,1.734172246913923,0.35624370594159116,"age_within_event_z, event_key, sex, site, scanner_manufacturer, race_ethnicity, family_income_grouped",,baseline family ID; subject fallback,within visit,once across 853-subject HSDI cohort,,,,0,0,,,,,,232.50364053516586,35,35,"race_ethnicity, family_income_grouped",categorical codes defined in Codebook; no equal-spacing assumption,grouped code 0 recoded to missing; complete case,pooled_primary,pooled_primary | OLS_RACE_ETHNICITY_INCOME,pooled_primary | OLS_RACE_ETHNICITY_INCOME | CBCL,0.2121278662640408,0.2121278662640408,16,16,0,0,domain_secondary,pooled_primary | OLS_RACE_ETHNICITY_INCOME | domain_secondary,0.1909150796376367,12,0
supplement_cbcl_validation,supplement_validation,pooled,annual_primary,POOLED_ANNUAL,Pooled annual visits,CBCL,Parent,cbcl_scr_syn_attention_r,CBCL attention problems,HSdevZ_CT_low_expansion,CT low expansion,OLS_RACE_ETHNICITY,hsdi_z,ok,,4251,853,4251,853,0,0,0,4251,853,766,5,-0.019518254650302456,0.028839802400344675,-0.07604322867622981,0.03700671937562491,-0.6767818440416633,0.49854437930223217,-0.02542573077869389,-0.049090715001816713,unadjusted subject-mean within-event standardized outcome,1.7374638431330165,0.35568101623147497,"age_within_event_z, event_key, sex, site, scanner_manufacturer, race_ethnicity",,baseline family ID; subject fallback,within visit,once across 853-subject HSDI cohort,,,,0,0,,,,,,224.39150669885237,33,33,race_ethnicity,categorical codes defined in Codebook; no equal-spacing assumption,grouped code 0 recoded to missing; complete case,pooled_primary,pooled_primary | OLS_RACE_ETHNICITY,pooled_primary | OLS_RACE_ETHNICITY | CBCL,0.8863011187595239,0.8863011187595239,16,16,0,0,domain_secondary,pooled_primary | OLS_RACE_ETHNICITY | domain_secondary,0.8546475073752551,12,0
supplement_cbcl_validation,supplement_validation,pooled,annual_primary,POOLED_ANNUAL,Pooled annual visits,CBCL,Parent,cbcl_scr_syn_attention_r,CBCL attention problems,HSdevZ_CT_low_expansion,CT low expansion,OLS_RACE_ETHNICITY_INCOME,hsdi_z,ok,,4251,853,3972,797,279,0,0,3972,797,719,5,-0.027752727491891255,0.03130314881040075,-0.08910577176297456,0.03360031677919205,-0.8865794192138959,0.37530537835216515,-0.03210822643333926,-0.051478864291906914,unadjusted subject-mean within-event standardized outcome,1.734172246913923,0.35624370594159116,"age_within_event_z, event_key, sex, site, scanner_manufacturer, race_ethnicity, family_income_grouped",,baseline family ID; subject fallback,within visit,once across 853-subject HSDI cohort,,,,0,0,,,,,,232.50949380395107,35,35,"race_ethnicity, family_income_grouped",categorical codes defined in Codebook; no equal-spacing assumption,grouped code 0 recoded to missing; complete case,pooled_primary,pooled_primary | OLS_RACE_ETHNICITY_INCOME,pooled_primary | OLS_RACE_ETHNICITY_INCOME | CBCL,0.7506107567043303,0.7506107567043303,16,16,0,0,domain_secondary,pooled_primary | OLS_RACE_ETHNICITY_INCOME | domain_secondary,0.7506107567043303,12,0
