expansion_group,metric,variant,target,n,n_feat_kept,clip_feat_to_human_q,filter_extreme_rates,space,calibration,r2,pearson_r,spearman_r,clip_used,r12_lo,r12_hi,r23_lo,r23_hi,cal_enabled,a_fit_all,b_fit_all,oof_cal_oof_done,oof_a_mean,oof_b_mean,oof_n_splits_eff
low_expansion,CT,baselineT2_noCratio,CT_low_expansion_r23,97,20,1,1,resid,none,0.06927907832699132,0.26854730163387996,0.26361329180287485,1.0,-0.0963543237371707,0.0116980186423279,-0.1190182926660278,0.0248164148388142,1.0,-0.016383382048074262,0.9139193581672864,1.0,-0.015790729481459966,0.9151096688251977,3.0
low_expansion,CT,baselineT2_noCratio,CT_low_expansion_r23,97,20,1,1,raw,none,0.06633075333299387,0.26368332612729223,0.25573406182438124,1.0,-0.0963543237371707,0.0116980186423279,-0.1190182926660278,0.0248164148388142,1.0,-0.016383382048074262,0.9139193581672864,1.0,-0.015790729481459966,0.9151096688251977,3.0
low_expansion,CT,baselineT2_noCratio,CT_low_expansion_r23,97,20,1,1,raw,linear_ab_fit_all,0.06952889647755212,0.26368332612729223,0.25573406182438124,1.0,-0.0963543237371707,0.0116980186423279,-0.1190182926660278,0.0248164148388142,1.0,-0.016383382048074262,0.9139193581672864,1.0,-0.015790729481459966,0.9151096688251977,3.0
low_expansion,CT,baselineT2_noCratio,CT_low_expansion_r23,97,20,1,1,raw,linear_ab_oof_groupkfold,0.05671603897809774,0.24004851766184104,0.22608089627603617,1.0,-0.0963543237371707,0.0116980186423279,-0.1190182926660278,0.0248164148388142,1.0,-0.016383382048074262,0.9139193581672864,1.0,-0.015790729481459966,0.9151096688251977,3.0
low_expansion,SA,baselineT2_noCratio,SA_low_expansion_r23,97,21,1,1,resid,none,0.09877924909168678,0.32648226035408545,0.21474877380319995,1.0,-0.0718012435771246,0.0650661321947763,-0.0805489672070556,0.0504682775449512,1.0,-0.035331140335210016,1.0995044221156318,1.0,-0.03475305082310733,1.0240617246325063,3.0
low_expansion,SA,baselineT2_noCratio,SA_low_expansion_r23,97,21,1,1,raw,none,0.09610355028190487,0.3212940998909521,0.21395978804432467,1.0,-0.0718012435771246,0.0650661321947763,-0.0805489672070556,0.0504682775449512,1.0,-0.035331140335210016,1.0995044221156318,1.0,-0.03475305082310733,1.0240617246325063,3.0
low_expansion,SA,baselineT2_noCratio,SA_low_expansion_r23,97,21,1,1,raw,linear_ab_fit_all,0.1032298986247373,0.3212940998909521,0.21395978804432467,1.0,-0.0718012435771246,0.0650661321947763,-0.0805489672070556,0.0504682775449512,1.0,-0.035331140335210016,1.0995044221156318,1.0,-0.03475305082310733,1.0240617246325063,3.0
low_expansion,SA,baselineT2_noCratio,SA_low_expansion_r23,97,21,1,1,raw,linear_ab_oof_groupkfold,0.01646840609531597,0.17388556150107046,0.15505996212918155,1.0,-0.0718012435771246,0.0650661321947763,-0.0805489672070556,0.0504682775449512,1.0,-0.035331140335210016,1.0995044221156318,1.0,-0.03475305082310733,1.0240617246325063,3.0
high_expansion,CT,baselineT2_noCratio,CT_high_expansion_r23,97,20,1,1,resid,none,0.04699961797627017,0.29982055224978066,0.30212497370082053,1.0,-0.1428437026604467,-0.0230817092930689,-0.1559687310970441,-0.0377112817838321,1.0,-0.02489617296331853,1.3510705526747566,1.0,-0.0225517470726468,1.3933096432981404,3.0
high_expansion,CT,baselineT2_noCratio,CT_high_expansion_r23,97,20,1,1,raw,none,0.03596265470495019,0.26657115266186826,0.2668972228066484,1.0,-0.1428437026604467,-0.0230817092930689,-0.1559687310970441,-0.0377112817838321,1.0,-0.02489617296331853,1.3510705526747566,1.0,-0.0225517470726468,1.3933096432981404,3.0
high_expansion,CT,baselineT2_noCratio,CT_high_expansion_r23,97,20,1,1,raw,linear_ab_fit_all,0.07106017943147713,0.26657115266186826,0.2668972228066484,1.0,-0.1428437026604467,-0.0230817092930689,-0.1559687310970441,-0.0377112817838321,1.0,-0.02489617296331853,1.3510705526747566,1.0,-0.0225517470726468,1.3933096432981404,3.0
high_expansion,CT,baselineT2_noCratio,CT_high_expansion_r23,97,20,1,1,raw,linear_ab_oof_groupkfold,0.02786079243306927,0.19832815212779784,0.2038843888070692,1.0,-0.1428437026604467,-0.0230817092930689,-0.1559687310970441,-0.0377112817838321,1.0,-0.02489617296331853,1.3510705526747566,1.0,-0.0225517470726468,1.3933096432981404,3.0
high_expansion,SA,baselineT2_noCratio,SA_high_expansion_r23,97,21,1,1,resid,none,0.15489275501666633,0.440847137857063,0.37878708184304644,1.0,-0.1910708861519971,0.0665478846786732,-0.0684603317325776,0.0901483349311206,1.0,-0.00429664411320258,1.7113525556009535,1.0,-0.003783509504451896,1.7154288916373623,3.0
high_expansion,SA,baselineT2_noCratio,SA_high_expansion_r23,97,21,1,1,raw,none,0.1548646498089642,0.433969606682335,0.35264569745423935,1.0,-0.1910708861519971,0.0665478846786732,-0.0684603317325776,0.0901483349311206,1.0,-0.00429664411320258,1.7113525556009535,1.0,-0.003783509504451896,1.7154288916373623,3.0
high_expansion,SA,baselineT2_noCratio,SA_high_expansion_r23,97,21,1,1,raw,linear_ab_fit_all,0.18832961952402072,0.433969606682335,0.35264569745423935,1.0,-0.1910708861519971,0.0665478846786732,-0.0684603317325776,0.0901483349311206,1.0,-0.00429664411320258,1.7113525556009535,1.0,-0.003783509504451896,1.7154288916373623,3.0
high_expansion,SA,baselineT2_noCratio,SA_high_expansion_r23,97,21,1,1,raw,linear_ab_oof_groupkfold,0.1743951770050346,0.41824120312886304,0.33627445823690294,1.0,-0.1910708861519971,0.0665478846786732,-0.0684603317325776,0.0901483349311206,1.0,-0.00429664411320258,1.7113525556009535,1.0,-0.003783509504451896,1.7154288916373623,3.0
