fold,variant,expansion_group,metric,target,r2_resid,pearson_r_resid,spearman_r_resid,n_test,n_feat_kept
1,baselineT2_noCratio,low_expansion,CT,CT_low_expansion_r23,0.25041028246040375,0.5296868453903109,0.5163654690762474,171,20.0
2,baselineT2_noCratio,low_expansion,CT,CT_low_expansion_r23,0.13794011395992234,0.38149311540986053,0.3321309429524564,171,20.0
3,baselineT2_noCratio,low_expansion,CT,CT_low_expansion_r23,0.10117537531165233,0.34475061154016456,0.3159718722250222,171,20.0
4,baselineT2_noCratio,low_expansion,CT,CT_low_expansion_r23,0.14155718846768983,0.3909528222788745,0.4547590696197508,170,20.0
5,baselineT2_noCratio,low_expansion,CT,CT_low_expansion_r23,0.18375560723078133,0.44919492453134857,0.397072563064466,170,20.0
mean_overall,baselineT2_noCratio,low_expansion,CT,CT_low_expansion_r23,0.1629677134860899,0.41921566383011183,0.4032599833875885,853,20.0
1,baselineT2_noCratio,low_expansion,SA,SA_low_expansion_r23,0.30095463498844943,0.6225677167331221,0.5369909040727675,171,21.0
2,baselineT2_noCratio,low_expansion,SA,SA_low_expansion_r23,0.08844959241753259,0.34393267851771814,0.37075383396932826,171,21.0
3,baselineT2_noCratio,low_expansion,SA,SA_low_expansion_r23,0.10895392886134903,0.36306863881858387,0.4279693762449901,171,21.0
4,baselineT2_noCratio,low_expansion,SA,SA_low_expansion_r23,0.2772241477978281,0.5305158411590427,0.4388578477170999,170,21.0
5,baselineT2_noCratio,low_expansion,SA,SA_low_expansion_r23,0.3222871013311883,0.5700119944361486,0.41269288780601,170,21.0
mean_overall,baselineT2_noCratio,low_expansion,SA,SA_low_expansion_r23,0.21957388107926948,0.48601937393292305,0.4374529699620392,853,21.0
1,baselineT2_noCratio,high_expansion,CT,CT_high_expansion_r23,0.2594627135093859,0.595979453197548,0.527249382004944,171,20.0
2,baselineT2_noCratio,high_expansion,CT,CT_high_expansion_r23,0.0764857939256477,0.37080415231152675,0.24517723858209134,171,20.0
3,baselineT2_noCratio,high_expansion,CT,CT_high_expansion_r23,0.15820841012542497,0.4073617274211064,0.3897544819641443,171,20.0
4,baselineT2_noCratio,high_expansion,CT,CT_high_expansion_r23,0.12314967089092732,0.36686965652177805,0.33641098918545936,170,20.0
5,baselineT2_noCratio,high_expansion,CT,CT_high_expansion_r23,0.1210832803152091,0.387002517274289,0.3680131411019718,170,20.0
mean_overall,baselineT2_noCratio,high_expansion,CT,CT_high_expansion_r23,0.14767797375331898,0.42560350134524966,0.3733210465677222,853,20.0
1,baselineT2_noCratio,high_expansion,SA,SA_high_expansion_r23,0.14182470598207653,0.41349091324525405,0.3002927976576188,171,21.0
2,baselineT2_noCratio,high_expansion,SA,SA_high_expansion_r23,0.09125608346619374,0.38553755401901435,0.33129334965320284,171,21.0
3,baselineT2_noCratio,high_expansion,SA,SA_high_expansion_r23,0.07767870984172931,0.2860386087904233,0.3930064559483525,171,21.0
4,baselineT2_noCratio,high_expansion,SA,SA_high_expansion_r23,0.10513409125531159,0.3322410009290797,0.2979818149620484,170,21.0
5,baselineT2_noCratio,high_expansion,SA,SA_high_expansion_r23,0.17099586961209812,0.413525683542105,0.29567845824097316,170,21.0
mean_overall,baselineT2_noCratio,high_expansion,SA,SA_high_expansion_r23,0.11737789203148186,0.36616675210517535,0.3236505752924391,853,21.0
